Marca temporal,Titulazioa,Kurtsoa,Adina,Género,Lengua materna,1. ¿Porqué participas actualmente en esta actividad? Porque creo que esta actividad es interesante.,2. ¿Porqué participas actualmente en esta actividad? Porque se supone que debo hacerlo.,3. ¿Porqué participas actualmente en esta actividad? Por mi propio bien,"4. ¿Porqué participas actualmente en esta actividad? Puede que haya buenas razones para realizar esta actividad, pero yo no veo ninguna",5. ¿Porqué participas actualmente en esta actividad? Porque disfruto con esta actividad,6. ¿Porqué participas actualmente en esta actividad? Porque creo que esta actividad es buena para mí,7. ¿Porqué participas actualmente en esta actividad? Porque es algo que tengo que hacer,"8. ¿Porqué participas actualmente en esta actividad? Realizo esta actividad, pero no estoy seguro de si vale la pena",9. ¿Porqué participas actualmente en esta actividad? Porque esta actividad es divertida,10. ¿Porqué participas actualmente en esta actividad? Por decisión personal,11. ¿Porqué participas actualmente en esta actividad? Porque no tengo otra alternativa,12. ¿Porqué participas actualmente en esta actividad? No lo sé; no veo qué me aporta esta actividad,13. ¿Porqué participas actualmente en esta actividad? Porque me siento bien realizando esta actividad,14. ¿Porqué participas actualmente en esta actividad? Porque creo que esta actividad es importante para mí,15. ¿Porqué participas actualmente en esta actividad? Porque creo que tengo que hacerlo,"16. ¿Porqué participas actualmente en esta actividad? Hago esta actividad, pero no estoy seguro de que sea conveniente continuar con ella",
2017/3/17 9:21:12,Matematikao Gradua,4,24,Hombre,Español,2. Muy poco,2. Muy poco,4. Moderadamente,5. Suficiente,3. Poco,6. Bastante,4. Moderadamente,2. Muy poco,4. Moderadamente,5. Suficiente,5. Suficiente,5. Suficiente,4. Moderadamente,1. No estoy de acuerdo en nada,3. Poco,4. Moderadamente,
2017/3/17 9:52:10,Publi,1,18,Hombre,Español,2. Muy poco,7. Muy de acuerdo,4. Moderadamente,4. Moderadamente,3. Poco,2. Muy poco,7. Muy de acuerdo,2. Muy poco,3. Poco,1. No estoy de acuerdo en nada,6. Bastante,4. Moderadamente,4. Moderadamente,7. Muy de acuerdo,7. Muy de acuerdo,7. Muy de acuerdo,
2017/4/10 9:51:44,Kazetaritza,1,18,Mujer,Español,4. Moderadamente,6. Bastante,2. Muy poco,5. Suficiente,4. Moderadamente,2. Muy poco,7. Muy de acuerdo,5. Suficiente,2. Muy poco,2. Muy poco,7. Muy de acuerdo,7. Muy de acuerdo,1. No estoy de acuerdo en nada,1. No estoy de acuerdo en nada,4. Moderadamente,5. Suficiente,
2017/4/10 9:51:46,Ikus-entzunezko komunikazioa,1.,18,Hombre,Español,5. Suficiente,7. Muy de acuerdo,5. Suficiente,7. Muy de acuerdo,6. Bastante,5. Suficiente,7. Muy de acuerdo,5. Suficiente,6. Bastante,3. Poco,7. Muy de acuerdo,5. Suficiente,4. Moderadamente,2. Muy poco,4. Moderadamente,4. Moderadamente,
2017/4/10 9:52:06,Kazetaritza,1,18,Mujer,Español,6. Bastante,3. Poco,6. Bastante,2. Muy poco,6. Bastante,6. Bastante,3. Poco,2. Muy poco,6. Bastante,3. Poco,4. Moderadamente,2. Muy poco,6. Bastante,6. Bastante,3. Poco,3. Poco,
2017/4/10 9:52:11,Kazetaritza,1,19,Mujer,Español,6. Bastante,4. Moderadamente,5. Suficiente,1. No estoy de acuerdo en nada,5. Suficiente,6. Bastante,4. Moderadamente,1. No estoy de acuerdo en nada,5. Suficiente,2. Muy poco,4. Moderadamente,1. No estoy de acuerdo en nada,6. Bastante,4. Moderadamente,4. Moderadamente,1. No estoy de acuerdo en nada,
2017/4/10 9:52:25,periodismo,1,18,Mujer,Español,5. Suficiente,6. Bastante,4. Moderadamente,3. Poco,4. Moderadamente,4. Moderadamente,6. Bastante,3. Poco,4. Moderadamente,2. Muy poco,6. Bastante,3. Poco,5. Suficiente,4. Moderadamente,5. Suficiente,3. Poco,
2017/4/10 9:52:58,Periodismo,Primero,20,Hombre,Español,6. Bastante,6. Bastante,6. Bastante,1. No estoy de acuerdo en nada,5. Suficiente,5. Suficiente,5. Suficiente,3. Poco,6. Bastante,6. Bastante,3. Poco,3. Poco,5. Suficiente,5. Suficiente,5. Suficiente,2. Muy poco,
2017/4/10 9:53:04,comunicación audiovisual,1,18,Mujer,Español,6. Bastante,5. Suficiente,4. Moderadamente,2. Muy poco,5. Suficiente,5. Suficiente,5. Suficiente,4. Moderadamente,5. Suficiente,3. Poco,4. Moderadamente,2. Muy poco,4. Moderadamente,5. Suficiente,3. Poco,3. Poco,
2017/4/10 9:53:09,Kazetaritza,1,18,Hombre,Euskara,3. Poco,6. Bastante,4. Moderadamente,5. Suficiente,2. Muy poco,3. Poco,6. Bastante,4. Moderadamente,3. Poco,4. Moderadamente,6. Bastante,6. Bastante,3. Poco,4. Moderadamente,4. Moderadamente,5. Suficiente,
2017/4/10 9:53:32,Kazetaritza,1,18,Hombre,Español,4. Moderadamente,6. Bastante,2. Muy poco,4. Moderadamente,3. Poco,3. Poco,1. No estoy de acuerdo en nada,6. Bastante,3. Poco,1. No estoy de acuerdo en nada,7. Muy de acuerdo,4. Moderadamente,3. Poco,2. Muy poco,3. Poco,4. Moderadamente,
2017/4/10 9:54:11,Periodismo,1º,18,Hombre,Español,4. Moderadamente,4. Moderadamente,4. Moderadamente,4. Moderadamente,4. Moderadamente,4. Moderadamente,5. Suficiente,3. Poco,3. Poco,7. Muy de acuerdo,3. Poco,1. No estoy de acuerdo en nada,4. Moderadamente,4. Moderadamente,4. Moderadamente,3. Poco,
2017/4/10 9:54:20,Kazetaritza,Lehenengo maila,19,Mujer,Español,4. Moderadamente,5. Suficiente,6. Bastante,3. Poco,4. Moderadamente,5. Suficiente,6. Bastante,7. Muy de acuerdo,5. Suficiente,5. Suficiente,5. Suficiente,5. Suficiente,3. Poco,4. Moderadamente,5. Suficiente,2. Muy poco,
2017/4/10 9:54:29,Grado en Publidad y Relaciones Publicas,1,18,Hombre,Español,6. Bastante,3. Poco,5. Suficiente,2. Muy poco,6. Bastante,5. Suficiente,4. Moderadamente,4. Moderadamente,5. Suficiente,6. Bastante,6. Bastante,3. Poco,5. Suficiente,4. Moderadamente,5. Suficiente,5. Suficiente,
2017/4/10 9:54:49,Publicidad y Relaciones Publicas,1,18,Mujer,Euskara,5. Suficiente,7. Muy de acuerdo,7. Muy de acuerdo,2. Muy poco,2. Muy poco,7. Muy de acuerdo,7. Muy de acuerdo,5. Suficiente,4. Moderadamente,1. No estoy de acuerdo en nada,7. Muy de acuerdo,2. Muy poco,4. Moderadamente,6. Bastante,7. Muy de acuerdo,2. Muy poco,
2017/4/10 9:55:28,Kazetaritza,1,20,Hombre,Euskara,7. Muy de acuerdo,3. Poco,7. Muy de acuerdo,1. No estoy de acuerdo en nada,6. Bastante,7. Muy de acuerdo,5. Suficiente,3. Poco,6. Bastante,6. Bastante,2. Muy poco,2. Muy poco,6. Bastante,6. Bastante,5. Suficiente,2. Muy poco,
2017/4/10 9:55:35,Kazetaritz,3,23,Hombre,Euskara,5. Suficiente,4. Moderadamente,2. Muy poco,4. Moderadamente,2. Muy poco,2. Muy poco,7. Muy de acuerdo,4. Moderadamente,1. No estoy de acuerdo en nada,1. No estoy de acuerdo en nada,7. Muy de acuerdo,7. Muy de acuerdo,1. No estoy de acuerdo en nada,1. No estoy de acuerdo en nada,7. Muy de acuerdo,7. Muy de acuerdo,
2017/4/10 9:55:47,Comunicación Audiovisual,1,19,Mujer,Español,2. Muy poco,7. Muy de acuerdo,5. Suficiente,2. Muy poco,3. Poco,5. Suficiente,6. Bastante,6. Bastante,2. Muy poco,1. No estoy de acuerdo en nada,4. Moderadamente,6. Bastante,3. Poco,4. Moderadamente,4. Moderadamente,6. Bastante,
2017/4/10 9:56:49,Kazetaritza,1,20,Hombre,Euskara,5. Suficiente,7. Muy de acuerdo,6. Bastante,4. Moderadamente,5. Suficiente,5. Suficiente,6. Bastante,4. Moderadamente,5. Suficiente,3. Poco,6. Bastante,4. Moderadamente,5. Suficiente,5. Suficiente,6. Bastante,2. Muy poco,
2017/4/10 9:56:55,Publicidad y Relaciones Públicas ,1,18,Mujer,Español,4. Moderadamente,4. Moderadamente,3. Poco,3. Poco,4. Moderadamente,3. Poco,4. Moderadamente,4. Moderadamente,4. Moderadamente,3. Poco,3. Poco,3. Poco,3. Poco,3. Poco,4. Moderadamente,3. Poco,
2017/4/10 9:57:24,Publicidad y relaciones publicas,primero,18,Mujer,Español,4. Moderadamente,6. Bastante,1. No estoy de acuerdo en nada,4. Moderadamente,3. Poco,3. Poco,6. Bastante,6. Bastante,3. Poco,3. Poco,5. Suficiente,3. Poco,4. Moderadamente,3. Poco,4. Moderadamente,4. Moderadamente,
2017/4/10 9:59:40,Grado de Periodismo,1,19,Mujer,Español,6. Bastante,5. Suficiente,5. Suficiente,2. Muy poco,6. Bastante,6. Bastante,5. Suficiente,3. Poco,6. Bastante,6. Bastante,2. Muy poco,3. Poco,6. Bastante,6. Bastante,4. Moderadamente,2. Muy poco,
2017/4/10 10:00:23,Periodismo,1,19 años,Mujer,Euskara,4. Moderadamente,6. Bastante,3. Poco,4. Moderadamente,4. Moderadamente,4. Moderadamente,5. Suficiente,4. Moderadamente,3. Poco,3. Poco,6. Bastante,5. Suficiente,5. Suficiente,2. Muy poco,5. Suficiente,6. Bastante,
2017/4/10 10:03:52,kazetaritza,1.,20,Mujer,Euskara,3. Poco,4. Moderadamente,4. Moderadamente,5. Suficiente,3. Poco,3. Poco,4. Moderadamente,5. Suficiente,3. Poco,3. Poco,5. Suficiente,4. Moderadamente,3. Poco,3. Poco,5. Suficiente,5. Suficiente,
2017/4/10 10:04:12,Periodismo,1,18,Mujer,Euskara,5. Suficiente,3. Poco,5. Suficiente,2. Muy poco,4. Moderadamente,6. Bastante,4. Moderadamente,3. Poco,4. Moderadamente,2. Muy poco,4. Moderadamente,2. Muy poco,3. Poco,3. Poco,4. Moderadamente,3. Poco,
2017/4/11 11:28:58,Publicidad y relaciones publicas,1,19,Mujer,Euskara,1. No estoy de acuerdo en nada,6. Bastante,2. Muy poco,4. Moderadamente,5. Suficiente,3. Poco,6. Bastante,3. Poco,6. Bastante,1. No estoy de acuerdo en nada,7. Muy de acuerdo,3. Poco,4. Moderadamente,1. No estoy de acuerdo en nada,4. Moderadamente,2. Muy poco,
2017/4/11 11:30:05,Publicidad y relaciones publicas,1,19,Mujer,Español,6. Bastante,6. Bastante,7. Muy de acuerdo,1. No estoy de acuerdo en nada,7. Muy de acuerdo,7. Muy de acuerdo,6. Bastante,1. No estoy de acuerdo en nada,7. Muy de acuerdo,7. Muy de acuerdo,2. Muy poco,2. Muy poco,4. Moderadamente,6. Bastante,5. Suficiente,2. Muy poco,
2017/4/11 11:30:23,Periodismo,1,18,Mujer,Euskara,7. Muy de acuerdo,6. Bastante,6. Bastante,1. No estoy de acuerdo en nada,7. Muy de acuerdo,6. Bastante,4. Moderadamente,1. No estoy de acuerdo en nada,7. Muy de acuerdo,1. No estoy de acuerdo en nada,1. No estoy de acuerdo en nada,1. No estoy de acuerdo en nada,7. Muy de acuerdo,5. Suficiente,7. Muy de acuerdo,1. No estoy de acuerdo en nada,
2017/4/11 11:30:24,Periodismo,Primero,18,Hombre,Euskara,4. Moderadamente,7. Muy de acuerdo,4. Moderadamente,3. Poco,5. Suficiente,3. Poco,7. Muy de acuerdo,3. Poco,3. Poco,5. Suficiente,7. Muy de acuerdo,3. Poco,3. Poco,5. Suficiente,7. Muy de acuerdo,2. Muy poco,
2017/4/11 11:30:25,publicidad,1,18,Mujer,Español,4. Moderadamente,6. Bastante,6. Bastante,2. Muy poco,6. Bastante,7. Muy de acuerdo,5. Suficiente,3. Poco,6. Bastante,1. No estoy de acuerdo en nada,3. Poco,3. Poco,6. Bastante,3. Poco,6. Bastante,1. No estoy de acuerdo en nada,
2017/4/11 11:30:26,Periodismo,1,18,Mujer,Euskara,6. Bastante,3. Poco,6. Bastante,2. Muy poco,6. Bastante,6. Bastante,5. Suficiente,3. Poco,6. Bastante,5. Suficiente,3. Poco,2. Muy poco,5. Suficiente,6. Bastante,4. Moderadamente,2. Muy poco,
2017/4/11 11:30:43,Comunicación Audiovisual,1,19,Hombre,Español,4. Moderadamente,5. Suficiente,4. Moderadamente,3. Poco,5. Suficiente,4. Moderadamente,6. Bastante,3. Poco,5. Suficiente,1. No estoy de acuerdo en nada,6. Bastante,3. Poco,4. Moderadamente,3. Poco,3. Poco,1. No estoy de acuerdo en nada,
2017/4/11 11:30:43,Audiovisuales,1,18,Mujer,Euskara,4. Moderadamente,6. Bastante,3. Poco,3. Poco,4. Moderadamente,4. Moderadamente,6. Bastante,4. Moderadamente,4. Moderadamente,2. Muy poco,5. Suficiente,3. Poco,3. Poco,3. Poco,5. Suficiente,4. Moderadamente,
2017/4/11 11:30:49,periodismo,1,19,Mujer,Euskara,3. Poco,6. Bastante,5. Suficiente,3. Poco,3. Poco,5. Suficiente,5. Suficiente,3. Poco,3. Poco,1. No estoy de acuerdo en nada,4. Moderadamente,3. Poco,3. Poco,5. Suficiente,6. Bastante,2. Muy poco,
2017/4/11 11:31:16,Periodismo,Primer curso,18,Mujer,Euskara,6. Bastante,6. Bastante,6. Bastante,2. Muy poco,5. Suficiente,6. Bastante,6. Bastante,4. Moderadamente,6. Bastante,6. Bastante,5. Suficiente,2. Muy poco,5. Suficiente,5. Suficiente,5. Suficiente,2. Muy poco,
2017/4/11 11:32:02,Publicidad y Relaciones Públicas,1º,18,Hombre,Euskara,7. Muy de acuerdo,4. Moderadamente,5. Suficiente,1. No estoy de acuerdo en nada,6. Bastante,7. Muy de acuerdo,5. Suficiente,1. No estoy de acuerdo en nada,6. Bastante,3. Poco,6. Bastante,1. No estoy de acuerdo en nada,7. Muy de acuerdo,6. Bastante,6. Bastante,1. No estoy de acuerdo en nada,
2017/4/11 11:32:27,Comunicación Audiovisual,1,18,Hombre,Euskara,6. Bastante,3. Poco,6. Bastante,3. Poco,5. Suficiente,6. Bastante,6. Bastante,3. Poco,5. Suficiente,3. Poco,3. Poco,3. Poco,4. Moderadamente,5. Suficiente,5. Suficiente,3. Poco,
2017/4/11 11:32:42,Periodismo,Primero,18,Hombre,Euskara,6. Bastante,7. Muy de acuerdo,6. Bastante,2. Muy poco,6. Bastante,6. Bastante,6. Bastante,4. Moderadamente,6. Bastante,1. No estoy de acuerdo en nada,7. Muy de acuerdo,2. Muy poco,6. Bastante,6. Bastante,6. Bastante,2. Muy poco,
2017/4/11 11:32:47,Comunicacion audiovisual,Primer curso,18,Mujer,Euskara,4. Moderadamente,6. Bastante,6. Bastante,3. Poco,5. Suficiente,5. Suficiente,5. Suficiente,5. Suficiente,5. Suficiente,3. Poco,6. Bastante,3. Poco,5. Suficiente,4. Moderadamente,6. Bastante,3. Poco,
2017/4/11 11:32:47,Ikus entzunezko komunikazioa,1°,18,Hombre,Euskara,1. No estoy de acuerdo en nada,7. Muy de acuerdo,1. No estoy de acuerdo en nada,7. Muy de acuerdo,1. No estoy de acuerdo en nada,1. No estoy de acuerdo en nada,7. Muy de acuerdo,6. Bastante,1. No estoy de acuerdo en nada,1. No estoy de acuerdo en nada,7. Muy de acuerdo,7. Muy de acuerdo,1. No estoy de acuerdo en nada,1. No estoy de acuerdo en nada,1. No estoy de acuerdo en nada,7. Muy de acuerdo,
2017/4/11 11:33:05,Kazetaritza,1,19,Mujer,Español,6. Bastante,6. Bastante,6. Bastante,1. No estoy de acuerdo en nada,7. Muy de acuerdo,5. Suficiente,7. Muy de acuerdo,2. Muy poco,7. Muy de acuerdo,2. Muy poco,7. Muy de acuerdo,1. No estoy de acuerdo en nada,6. Bastante,5. Suficiente,7. Muy de acuerdo,2. Muy poco,
2017/4/11 11:33:26,periodismo,1,19,Mujer,Español,4. Moderadamente,7. Muy de acuerdo,7. Muy de acuerdo,1. No estoy de acuerdo en nada,5. Suficiente,6. Bastante,7. Muy de acuerdo,1. No estoy de acuerdo en nada,6. Bastante,1. No estoy de acuerdo en nada,7. Muy de acuerdo,2. Muy poco,4. Moderadamente,5. Suficiente,7. Muy de acuerdo,1. No estoy de acuerdo en nada,
2017/4/11 11:33:56,Audiovisuales ,1,18,Hombre,Euskara,1. No estoy de acuerdo en nada,4. Moderadamente,1. No estoy de acuerdo en nada,5. Suficiente,1. No estoy de acuerdo en nada,2. Muy poco,5. Suficiente,6. Bastante,1. No estoy de acuerdo en nada,1. No estoy de acuerdo en nada,7. Muy de acuerdo,7. Muy de acuerdo,1. No estoy de acuerdo en nada,1. No estoy de acuerdo en nada,1. No estoy de acuerdo en nada,7. Muy de acuerdo,
2017/4/27 14:40:03,Grado en Matemáticas,Cuarto,22,Hombre,Euskara,4. Moderadamente,7. Muy de acuerdo,4. Moderadamente,2. Muy poco,5. Suficiente,4. Moderadamente,4. Moderadamente,3. Poco,5. Suficiente,1. No estoy de acuerdo en nada,7. Muy de acuerdo,2. Muy poco,5. Suficiente,3. Poco,5. Suficiente,1. No estoy de acuerdo en nada,
2017/4/27 14:40:32,Grado en Matemáticas,4º,24,Mujer,Español,3. Poco,6. Bastante,5. Suficiente,5. Suficiente,3. Poco,4. Moderadamente,6. Bastante,4. Moderadamente,3. Poco,3. Poco,6. Bastante,3. Poco,3. Poco,5. Suficiente,6. Bastante,4. Moderadamente,
2017/4/27 14:41:40,Grado en Matemáticas,4,24,Mujer,Español,3. Poco,7. Muy de acuerdo,2. Muy poco,4. Moderadamente,1. No estoy de acuerdo en nada,1. No estoy de acuerdo en nada,7. Muy de acuerdo,4. Moderadamente,1. No estoy de acuerdo en nada,1. No estoy de acuerdo en nada,7. Muy de acuerdo,7. Muy de acuerdo,2. Muy poco,4. Moderadamente,5. Suficiente,4. Moderadamente,
2017/4/27 14:41:46,Matematicas,4,22,Mujer,Español,3. Poco,7. Muy de acuerdo,3. Poco,4. Moderadamente,2. Muy poco,4. Moderadamente,7. Muy de acuerdo,6. Bastante,3. Poco,1. No estoy de acuerdo en nada,6. Bastante,4. Moderadamente,3. Poco,2. Muy poco,6. Bastante,4. Moderadamente,
2017/4/27 14:42:21,Matematica,4,21,Hombre,Español,5. Suficiente,4. Moderadamente,2. Muy poco,2. Muy poco,3. Poco,3. Poco,7. Muy de acuerdo,3. Poco,3. Poco,1. No estoy de acuerdo en nada,7. Muy de acuerdo,3. Poco,5. Suficiente,2. Muy poco,4. Moderadamente,3. Poco,
2017/4/27 14:42:33,Matematika,4,21,Mujer,Euskara,4. Moderadamente,4. Moderadamente,5. Suficiente,3. Poco,2. Muy poco,4. Moderadamente,5. Suficiente,4. Moderadamente,4. Moderadamente,7. Muy de acuerdo,5. Suficiente,3. Poco,4. Moderadamente,4. Moderadamente,5. Suficiente,3. Poco,
2017/4/27 14:42:46,Grado en Matemática,4,22,Mujer,Euskara,6. Bastante,6. Bastante,3. Poco,2. Muy poco,4. Moderadamente,4. Moderadamente,4. Moderadamente,4. Moderadamente,5. Suficiente,2. Muy poco,5. Suficiente,3. Poco,4. Moderadamente,4. Moderadamente,4. Moderadamente,2. Muy poco,
2017/4/27 14:42:55,matematika,4,21,Mujer,Euskara,3. Poco,7. Muy de acuerdo,5. Suficiente,5. Suficiente,3. Poco,4. Moderadamente,7. Muy de acuerdo,3. Poco,3. Poco,1. No estoy de acuerdo en nada,7. Muy de acuerdo,4. Moderadamente,4. Moderadamente,2. Muy poco,6. Bastante,1. No estoy de acuerdo en nada,
2017/4/27 14:43:29,Grado en Matematicas,4º,22,Mujer,Euskara,3. Poco,6. Bastante,6. Bastante,5. Suficiente,4. Moderadamente,5. Suficiente,5. Suficiente,2. Muy poco,3. Poco,7. Muy de acuerdo,1. No estoy de acuerdo en nada,6. Bastante,5. Suficiente,6. Bastante,6. Bastante,7. Muy de acuerdo,
2017/4/27 14:44:00,Grado de matematica,cuarto curso,23,Hombre,Euskara,4. Moderadamente,4. Moderadamente,5. Suficiente,4. Moderadamente,4. Moderadamente,4. Moderadamente,4. Moderadamente,4. Moderadamente,4. Moderadamente,7. Muy de acuerdo,7. Muy de acuerdo,1. No estoy de acuerdo en nada,7. Muy de acuerdo,4. Moderadamente,4. Moderadamente,4. Moderadamente,
2017/4/27 14:44:14,Grado en Matemáticas,4,38,Hombre,Euskara,5. Suficiente,7. Muy de acuerdo,7. Muy de acuerdo,7. Muy de acuerdo,3. Poco,4. Moderadamente,1. No estoy de acuerdo en nada,2. Muy poco,3. Poco,5. Suficiente,7. Muy de acuerdo,6. Bastante,3. Poco,2. Muy poco,6. Bastante,3. Poco,
2017/4/27 14:44:19,Grado en matemáticas,4,22,Mujer,Euskara,6. Bastante,4. Moderadamente,6. Bastante,2. Muy poco,5. Suficiente,6. Bastante,4. Moderadamente,2. Muy poco,4. Moderadamente,7. Muy de acuerdo,2. Muy poco,1. No estoy de acuerdo en nada,7. Muy de acuerdo,6. Bastante,3. Poco,1. No estoy de acuerdo en nada,
2017/4/27 14:44:20,Grado en matemáticas,4,22,Mujer,Español,5. Suficiente,4. Moderadamente,4. Moderadamente,2. Muy poco,4. Moderadamente,5. Suficiente,5. Suficiente,5. Suficiente,5. Suficiente,3. Poco,3. Poco,4. Moderadamente,5. Suficiente,4. Moderadamente,4. Moderadamente,4. Moderadamente,
2017/4/27 14:45:25,Matematica,4,21,Mujer,Español,3. Poco,6. Bastante,5. Suficiente,3. Poco,3. Poco,4. Moderadamente,6. Bastante,4. Moderadamente,3. Poco,4. Moderadamente,4. Moderadamente,5. Suficiente,5. Suficiente,4. Moderadamente,5. Suficiente,3. Poco,
2017/4/27 14:45:26,matematicas,4,38,Hombre,Euskara,3. Poco,4. Moderadamente,5. Suficiente,3. Poco,5. Suficiente,6. Bastante,4. Moderadamente,6. Bastante,3. Poco,4. Moderadamente,4. Moderadamente,4. Moderadamente,4. Moderadamente,4. Moderadamente,4. Moderadamente,4. Moderadamente,
2017/4/27 14:45:38,Matematika,4,21,Mujer,Euskara,5. Suficiente,4. Moderadamente,5. Suficiente,3. Poco,4. Moderadamente,6. Bastante,5. Suficiente,4. Moderadamente,3. Poco,6. Bastante,1. No estoy de acuerdo en nada,3. Poco,4. Moderadamente,4. Moderadamente,4. Moderadamente,1. No estoy de acuerdo en nada,
2017/4/27 14:46:00,Grado de matematicas,4,25,Hombre,Euskara,4. Moderadamente,5. Suficiente,4. Moderadamente,2. Muy poco,3. Poco,4. Moderadamente,5. Suficiente,3. Poco,3. Poco,3. Poco,3. Poco,2. Muy poco,4. Moderadamente,4. Moderadamente,5. Suficiente,2. Muy poco,
2017/4/27 14:46:09,matematika,4.maila,21,Mujer,Español,4. Moderadamente,6. Bastante,3. Poco,6. Bastante,1. No estoy de acuerdo en nada,5. Suficiente,7. Muy de acuerdo,3. Poco,6. Bastante,2. Muy poco,5. Suficiente,5. Suficiente,5. Suficiente,3. Poco,5. Suficiente,3. Poco,
2017/4/27 14:48:11,Fisika,3-4,23,Hombre,Euskara,4. Moderadamente,4. Moderadamente,4. Moderadamente,4. Moderadamente,4. Moderadamente,4. Moderadamente,4. Moderadamente,4. Moderadamente,4. Moderadamente,4. Moderadamente,4. Moderadamente,4. Moderadamente,4. Moderadamente,4. Moderadamente,4. Moderadamente,4. Moderadamente,
2017/4/27 14:48:36,Grado en matemáticas,4,23,Mujer,Español,5. Suficiente,5. Suficiente,6. Bastante,2. Muy poco,3. Poco,3. Poco,3. Poco,3. Poco,3. Poco,2. Muy poco,3. Poco,3. Poco,3. Poco,3. Poco,3. Poco,3. Poco,
2017/4/27 14:48:39,Física,4,25,Mujer,Español,4. Moderadamente,6. Bastante,6. Bastante,5. Suficiente,6. Bastante,5. Suficiente,7. Muy de acuerdo,6. Bastante,6. Bastante,4. Moderadamente,4. Moderadamente,4. Moderadamente,3. Poco,6. Bastante,1. No estoy de acuerdo en nada,1. No estoy de acuerdo en nada,
2017/4/27 14:49:02,Matematikako gradua,4,22,Mujer,Euskara,3. Poco,6. Bastante,3. Poco,5. Suficiente,2. Muy poco,2. Muy poco,6. Bastante,2. Muy poco,4. Moderadamente,1. No estoy de acuerdo en nada,6. Bastante,4. Moderadamente,3. Poco,2. Muy poco,5. Suficiente,5. Suficiente,
2017/4/27 14:49:16,Grado en Ingenieria Electrónica,4,25,Mujer,Euskara,4. Moderadamente,6. Bastante,3. Poco,4. Moderadamente,5. Suficiente,5. Suficiente,6. Bastante,4. Moderadamente,4. Moderadamente,4. Moderadamente,5. Suficiente,3. Poco,5. Suficiente,3. Poco,4. Moderadamente,3. Poco,
2017/4/27 14:49:51,Fisika,4,21,Hombre,Euskara,6. Bastante,6. Bastante,3. Poco,1. No estoy de acuerdo en nada,4. Moderadamente,2. Muy poco,6. Bastante,1. No estoy de acuerdo en nada,1. No estoy de acuerdo en nada,1. No estoy de acuerdo en nada,4. Moderadamente,1. No estoy de acuerdo en nada,3. Poco,2. Muy poco,4. Moderadamente,1. No estoy de acuerdo en nada,
2017/4/27 14:52:07,Matemáticas,4,22,Mujer,Euskara,4. Moderadamente,6. Bastante,7. Muy de acuerdo,4. Moderadamente,3. Poco,4. Moderadamente,6. Bastante,5. Suficiente,2. Muy poco,1. No estoy de acuerdo en nada,7. Muy de acuerdo,6. Bastante,3. Poco,3. Poco,5. Suficiente,4. Moderadamente,
2017/4/27 14:54:02,Matemáticas,4,21,Mujer,Euskara,5. Suficiente,7. Muy de acuerdo,3. Poco,3. Poco,3. Poco,5. Suficiente,7. Muy de acuerdo,4. Moderadamente,4. Moderadamente,2. Muy poco,6. Bastante,3. Poco,4. Moderadamente,4. Moderadamente,7. Muy de acuerdo,3. Poco,
2017/4/27 14:54:22,Grado en Matematicas,3-4,21,Mujer,Español,6. Bastante,6. Bastante,4. Moderadamente,2. Muy poco,6. Bastante,5. Suficiente,6. Bastante,4. Moderadamente,6. Bastante,1. No estoy de acuerdo en nada,5. Suficiente,3. Poco,4. Moderadamente,4. Moderadamente,6. Bastante,3. Poco,
2017/4/27 15:00:40,Grado de Matemáticas,4,21,Mujer,Español,3. Poco,5. Suficiente,5. Suficiente,3. Poco,4. Moderadamente,3. Poco,7. Muy de acuerdo,4. Moderadamente,4. Moderadamente,2. Muy poco,3. Poco,3. Poco,3. Poco,2. Muy poco,6. Bastante,3. Poco,
2017/11/30 9:24:45,Lehen Hezkuntza,Lehenengo maila,18,Mujer,Español,5. Suficiente,5. Suficiente,6. Bastante,3. Poco,4. Moderadamente,6. Bastante,6. Bastante,2. Muy poco,3. Poco,4. Moderadamente,4. Moderadamente,5. Suficiente,4. Moderadamente,5. Suficiente,4. Moderadamente,4. Moderadamente,Opción 1
2017/11/30 9:33:31,Lehen Hezkuntzako Gradua,1go maila,18,Mujer,Español,4. Moderadamente,4. Moderadamente,6. Bastante,3. Poco,4. Moderadamente,6. Bastante,4. Moderadamente,3. Poco,4. Moderadamente,4. Moderadamente,4. Moderadamente,3. Poco,4. Moderadamente,6. Bastante,4. Moderadamente,2. Muy poco,
2017/11/30 9:35:53,Primaria,1,18,Mujer,Español,5. Suficiente,7. Muy de acuerdo,4. Moderadamente,4. Moderadamente,5. Suficiente,3. Poco,7. Muy de acuerdo,5. Suficiente,5. Suficiente,2. Muy poco,6. Bastante,4. Moderadamente,4. Moderadamente,2. Muy poco,4. Moderadamente,2. Muy poco,
2017/11/30 9:35:58,Lehen hezkuntza,Lehen maila,18,Mujer,Español,5. Suficiente,6. Bastante,5. Suficiente,5. Suficiente,6. Bastante,6. Bastante,4. Moderadamente,5. Suficiente,4. Moderadamente,3. Poco,5. Suficiente,4. Moderadamente,6. Bastante,6. Bastante,6. Bastante,5. Suficiente,
2017/11/30 9:36:58,Lehen hezkuntzako gradua,Lehenengo maila,21,Hombre,Español,5. Suficiente,3. Poco,5. Suficiente,3. Poco,4. Moderadamente,5. Suficiente,4. Moderadamente,3. Poco,5. Suficiente,4. Moderadamente,3. Poco,3. Poco,4. Moderadamente,5. Suficiente,4. Moderadamente,3. Poco,Opción 1
2017/11/30 9:37:27,lehen hezkuntza ,lehenengo maila,18,Hombre,Español,4. Moderadamente,4. Moderadamente,3. Poco,3. Poco,4. Moderadamente,4. Moderadamente,4. Moderadamente,3. Poco,4. Moderadamente,4. Moderadamente,3. Poco,3. Poco,4. Moderadamente,4. Moderadamente,4. Moderadamente,3. Poco,
2017/11/30 10:52:24,Lehen Hezkuntza,1,18,Hombre,Español,7. Muy de acuerdo,7. Muy de acuerdo,7. Muy de acuerdo,2. Muy poco,4. Moderadamente,5. Suficiente,7. Muy de acuerdo,4. Moderadamente,5. Suficiente,7. Muy de acuerdo,5. Suficiente,2. Muy poco,2. Muy poco,4. Moderadamente,7. Muy de acuerdo,2. Muy poco,Opción 1
2017/11/30 11:13:59,Lehen Hezkuntza,1.Maila,18,Hombre,Español,6. Bastante,5. Suficiente,6. Bastante,2. Muy poco,5. Suficiente,6. Bastante,5. Suficiente,1. No estoy de acuerdo en nada,5. Suficiente,5. Suficiente,1. No estoy de acuerdo en nada,1. No estoy de acuerdo en nada,5. Suficiente,6. Bastante,5. Suficiente,1. No estoy de acuerdo en nada,
2017/11/30 11:18:06,Lehen hezkuntza,1. maila,19,Hombre,Español,4. Moderadamente,4. Moderadamente,6. Bastante,5. Suficiente,3. Poco,3. Poco,6. Bastante,4. Moderadamente,3. Poco,3. Poco,4. Moderadamente,6. Bastante,3. Poco,3. Poco,5. Suficiente,4. Moderadamente,
2017/11/30 11:20:18,Lehen Hezkuntza ,1,22,Mujer,Español,3. Poco,7. Muy de acuerdo,6. Bastante,4. Moderadamente,2. Muy poco,3. Poco,7. Muy de acuerdo,4. Moderadamente,1. No estoy de acuerdo en nada,4. Moderadamente,7. Muy de acuerdo,3. Poco,2. Muy poco,1. No estoy de acuerdo en nada,7. Muy de acuerdo,4. Moderadamente,
2017/11/30 11:21:44,Lehen hezkuntza,1.maila,18,Mujer,Español,4. Moderadamente,4. Moderadamente,3. Poco,3. Poco,2. Muy poco,4. Moderadamente,5. Suficiente,4. Moderadamente,3. Poco,3. Poco,4. Moderadamente,4. Moderadamente,4. Moderadamente,4. Moderadamente,4. Moderadamente,4. Moderadamente,
2017/11/30 11:22:39,Lehen Hezkuntza,Lehenengo maila,18,Mujer,Euskara,5. Suficiente,4. Moderadamente,4. Moderadamente,1. No estoy de acuerdo en nada,5. Suficiente,4. Moderadamente,4. Moderadamente,1. No estoy de acuerdo en nada,4. Moderadamente,4. Moderadamente,4. Moderadamente,1. No estoy de acuerdo en nada,4. Moderadamente,4. Moderadamente,4. Moderadamente,1. No estoy de acuerdo en nada,Opción 1
2017/11/30 11:23:25,Lehen hezkuntza,1.maila,18,Mujer,Español,4. Moderadamente,5. Suficiente,3. Poco,4. Moderadamente,4. Moderadamente,4. Moderadamente,6. Bastante,5. Suficiente,4. Moderadamente,3. Poco,5. Suficiente,6. Bastante,4. Moderadamente,3. Poco,6. Bastante,4. Moderadamente,
2017/11/30 11:23:30,Lehen Hezkuntza,1,19,Hombre,Español,4. Moderadamente,6. Bastante,5. Suficiente,3. Poco,4. Moderadamente,6. Bastante,7. Muy de acuerdo,3. Poco,3. Poco,2. Muy poco,5. Suficiente,3. Poco,4. Moderadamente,5. Suficiente,6. Bastante,3. Poco,Opción 1
2017/11/30 11:23:31,Lehen Hezkuntza,1,18,Mujer,Euskara,3. Poco,7. Muy de acuerdo,4. Moderadamente,5. Suficiente,3. Poco,3. Poco,7. Muy de acuerdo,7. Muy de acuerdo,1. No estoy de acuerdo en nada,1. No estoy de acuerdo en nada,7. Muy de acuerdo,7. Muy de acuerdo,1. No estoy de acuerdo en nada,1. No estoy de acuerdo en nada,4. Moderadamente,4. Moderadamente,
2017/11/30 11:24:08,Lehen Hezkuntza,Lehenengo maila,19,Hombre,Euskara,5. Suficiente,5. Suficiente,6. Bastante,5. Suficiente,4. Moderadamente,5. Suficiente,5. Suficiente,4. Moderadamente,4. Moderadamente,4. Moderadamente,5. Suficiente,4. Moderadamente,5. Suficiente,5. Suficiente,5. Suficiente,4. Moderadamente,Opción 1
2017/11/30 11:25:42,Lehen Hezkuntza,1,19,Hombre,Español,5. Suficiente,5. Suficiente,5. Suficiente,6. Bastante,5. Suficiente,5. Suficiente,5. Suficiente,5. Suficiente,5. Suficiente,4. Moderadamente,4. Moderadamente,5. Suficiente,5. Suficiente,4. Moderadamente,5. Suficiente,4. Moderadamente,
2017/11/30 11:29:26,Lehen Hezkuntza,1,17,Hombre,Euskara,5. Suficiente,6. Bastante,6. Bastante,3. Poco,4. Moderadamente,6. Bastante,6. Bastante,3. Poco,4. Moderadamente,3. Poco,5. Suficiente,5. Suficiente,5. Suficiente,6. Bastante,6. Bastante,3. Poco,Opción 1
2017/11/30 11:31:01,Lehen Hezkuntza,1ª,19,Hombre,Euskara,4. Moderadamente,5. Suficiente,4. Moderadamente,4. Moderadamente,6. Bastante,5. Suficiente,6. Bastante,3. Poco,3. Poco,5. Suficiente,4. Moderadamente,6. Bastante,3. Poco,4. Moderadamente,6. Bastante,4. Moderadamente,Opción 1
2017/11/30 11:31:52,Lehen hezkuntza,1. maila,19,Hombre,Español,5. Suficiente,4. Moderadamente,5. Suficiente,3. Poco,5. Suficiente,5. Suficiente,5. Suficiente,3. Poco,4. Moderadamente,4. Moderadamente,4. Moderadamente,2. Muy poco,4. Moderadamente,5. Suficiente,5. Suficiente,2. Muy poco,
2017/11/30 11:31:59,Magisterio,primero,18,Hombre,Español,4. Moderadamente,6. Bastante,5. Suficiente,2. Muy poco,4. Moderadamente,5. Suficiente,5. Suficiente,6. Bastante,5. Suficiente,3. Poco,6. Bastante,4. Moderadamente,5. Suficiente,5. Suficiente,3. Poco,4. Moderadamente,Opción 1
2017/11/30 11:32:12,Lehen Hezkuntza,1. maila,18,Mujer,Euskara,5. Suficiente,3. Poco,4. Moderadamente,2. Muy poco,4. Moderadamente,5. Suficiente,5. Suficiente,3. Poco,4. Moderadamente,3. Poco,3. Poco,3. Poco,6. Bastante,5. Suficiente,5. Suficiente,2. Muy poco,Opción 1
2017/11/30 11:33:44,Lehen hezkuntza, 1 maila,19,Hombre,Español,6. Bastante,4. Moderadamente,4. Moderadamente,1. No estoy de acuerdo en nada,6. Bastante,5. Suficiente,3. Poco,1. No estoy de acuerdo en nada,5. Suficiente,3. Poco,3. Poco,1. No estoy de acuerdo en nada,6. Bastante,6. Bastante,6. Bastante,1. No estoy de acuerdo en nada,Opción 1
2017/11/30 11:41:05,Lehen hezkuntza,primero,18,Mujer,Español,6. Bastante,6. Bastante,6. Bastante,1. No estoy de acuerdo en nada,5. Suficiente,6. Bastante,5. Suficiente,2. Muy poco,5. Suficiente,4. Moderadamente,3. Poco,2. Muy poco,5. Suficiente,5. Suficiente,4. Moderadamente,4. Moderadamente,Opción 1
2017/11/30 11:47:10,Lehen hezkuntza,1,17,Mujer,Español,4. Moderadamente,5. Suficiente,7. Muy de acuerdo,4. Moderadamente,4. Moderadamente,4. Moderadamente,6. Bastante,4. Moderadamente,4. Moderadamente,4. Moderadamente,6. Bastante,4. Moderadamente,4. Moderadamente,6. Bastante,6. Bastante,4. Moderadamente,
2017/11/30 11:48:05,Educación Primaria,Primero,23,Mujer,Español,4. Moderadamente,4. Moderadamente,5. Suficiente,2. Muy poco,3. Poco,3. Poco,5. Suficiente,4. Moderadamente,3. Poco,4. Moderadamente,2. Muy poco,2. Muy poco,4. Moderadamente,3. Poco,3. Poco,4. Moderadamente,
2017/11/30 11:59:12,Lehen Hezkuntza,1,18,Mujer,Español,2. Muy poco,7. Muy de acuerdo,7. Muy de acuerdo,2. Muy poco,3. Poco,6. Bastante,7. Muy de acuerdo,2. Muy poco,3. Poco,3. Poco,6. Bastante,2. Muy poco,5. Suficiente,6. Bastante,7. Muy de acuerdo,1. No estoy de acuerdo en nada,
2017/11/30 12:01:01,Lehen Hezkuntza,1,18,Hombre,Español,6. Bastante,6. Bastante,7. Muy de acuerdo,2. Muy poco,5. Suficiente,6. Bastante,6. Bastante,4. Moderadamente,5. Suficiente,3. Poco,7. Muy de acuerdo,2. Muy poco,4. Moderadamente,6. Bastante,6. Bastante,2. Muy poco,Opción 1
2017/11/30 12:02:04,Lehen Hezkuntza ,Lehenengo maila,18,Mujer,Euskara,5. Suficiente,7. Muy de acuerdo,6. Bastante,2. Muy poco,7. Muy de acuerdo,5. Suficiente,6. Bastante,2. Muy poco,6. Bastante,3. Poco,5. Suficiente,2. Muy poco,5. Suficiente,4. Moderadamente,2. Muy poco,2. Muy poco,Opción 1
2017/11/30 16:05:48,Lehen Hezkuntza,1. maila,18,Mujer,Español,6. Bastante,4. Moderadamente,3. Poco,2. Muy poco,5. Suficiente,6. Bastante,4. Moderadamente,2. Muy poco,4. Moderadamente,1. No estoy de acuerdo en nada,4. Moderadamente,1. No estoy de acuerdo en nada,5. Suficiente,5. Suficiente,7. Muy de acuerdo,1. No estoy de acuerdo en nada,Opción 1
2017/11/30 23:45:17,Lehen Hezkuntza,1.maila,18,Mujer,Euskara,2. Muy poco,7. Muy de acuerdo,2. Muy poco,7. Muy de acuerdo,2. Muy poco,2. Muy poco,7. Muy de acuerdo,6. Bastante,4. Moderadamente,1. No estoy de acuerdo en nada,2. Muy poco,7. Muy de acuerdo,1. No estoy de acuerdo en nada,1. No estoy de acuerdo en nada,7. Muy de acuerdo,6. Bastante,
2017/12/1 8:50:19,Lehen Hezkuntza,1,18,Hombre,Español,5. Suficiente,6. Bastante,6. Bastante,3. Poco,5. Suficiente,6. Bastante,4. Moderadamente,5. Suficiente,5. Suficiente,5. Suficiente,5. Suficiente,3. Poco,5. Suficiente,4. Moderadamente,5. Suficiente,2. Muy poco,Opción 1
2017/12/1 12:34:35,Lehen Hezkuntza,lehenengo maila,19,Hombre,Euskara,6. Bastante,3. Poco,6. Bastante,3. Poco,5. Suficiente,5. Suficiente,3. Poco,3. Poco,5. Suficiente,6. Bastante,3. Poco,2. Muy poco,6. Bastante,6. Bastante,6. Bastante,3. Poco,Opción 1
2017/12/1 12:59:09,Educacion primaria,1,18,Mujer,Español,1. No estoy de acuerdo en nada,7. Muy de acuerdo,3. Poco,4. Moderadamente,1. No estoy de acuerdo en nada,2. Muy poco,7. Muy de acuerdo,7. Muy de acuerdo,1. No estoy de acuerdo en nada,1. No estoy de acuerdo en nada,7. Muy de acuerdo,6. Bastante,2. Muy poco,2. Muy poco,4. Moderadamente,4. Moderadamente,Opción 1
2017/12/1 13:07:56,Lehen Hezkuntza,1. maila,18,Mujer,Español,6. Bastante,3. Poco,4. Moderadamente,2. Muy poco,5. Suficiente,4. Moderadamente,3. Poco,3. Poco,5. Suficiente,7. Muy de acuerdo,3. Poco,3. Poco,4. Moderadamente,5. Suficiente,3. Poco,3. Poco,
2017/12/1 13:14:32,Lehen Hezkuntza,1.maila,19,Hombre,Español,7. Muy de acuerdo,6. Bastante,6. Bastante,2. Muy poco,6. Bastante,7. Muy de acuerdo,3. Poco,1. No estoy de acuerdo en nada,5. Suficiente,6. Bastante,1. No estoy de acuerdo en nada,1. No estoy de acuerdo en nada,6. Bastante,6. Bastante,6. Bastante,1. No estoy de acuerdo en nada,
2017/12/1 13:20:42,Magisterio primaria,1,18,Mujer,Español,2. Muy poco,7. Muy de acuerdo,5. Suficiente,6. Bastante,4. Moderadamente,4. Moderadamente,6. Bastante,5. Suficiente,3. Poco,2. Muy poco,6. Bastante,6. Bastante,2. Muy poco,2. Muy poco,6. Bastante,6. Bastante,
2017/12/1 13:34:48,Lehen Hezkuntzako gradua,1.maila ,18,Mujer,Euskara,6. Bastante,1. No estoy de acuerdo en nada,6. Bastante,1. No estoy de acuerdo en nada,5. Suficiente,7. Muy de acuerdo,1. No estoy de acuerdo en nada,1. No estoy de acuerdo en nada,4. Moderadamente,7. Muy de acuerdo,1. No estoy de acuerdo en nada,1. No estoy de acuerdo en nada,6. Bastante,7. Muy de acuerdo,1. No estoy de acuerdo en nada,2. Muy poco,
2017/12/1 13:34:50,Lehen Hezkuntzako Gradua,1.maila,24,Mujer,Español,7. Muy de acuerdo,1. No estoy de acuerdo en nada,6. Bastante,1. No estoy de acuerdo en nada,5. Suficiente,7. Muy de acuerdo,1. No estoy de acuerdo en nada,1. No estoy de acuerdo en nada,4. Moderadamente,7. Muy de acuerdo,1. No estoy de acuerdo en nada,1. No estoy de acuerdo en nada,6. Bastante,7. Muy de acuerdo,1. No estoy de acuerdo en nada,2. Muy poco,
2017/12/1 13:39:14,Lehen hezkuntzako gradua,1.maila,18,Mujer,Euskara,3. Poco,6. Bastante,4. Moderadamente,6. Bastante,3. Poco,4. Moderadamente,6. Bastante,6. Bastante,3. Poco,2. Muy poco,6. Bastante,6. Bastante,3. Poco,4. Moderadamente,6. Bastante,6. Bastante,Opción 1
2017/12/1 16:54:08,Lehen hezkuntzako gradua,Lehenengo maila,18,Mujer,Euskara,5. Suficiente,5. Suficiente,5. Suficiente,5. Suficiente,6. Bastante,5. Suficiente,5. Suficiente,4. Moderadamente,2. Muy poco,6. Bastante,3. Poco,4. Moderadamente,5. Suficiente,5. Suficiente,5. Suficiente,4. Moderadamente,Opción 1
2017/12/1 17:02:33,Educación primaria,Primer curso,18,Mujer,Español,5. Suficiente,4. Moderadamente,5. Suficiente,3. Poco,5. Suficiente,5. Suficiente,5. Suficiente,4. Moderadamente,3. Poco,5. Suficiente,3. Poco,4. Moderadamente,4. Moderadamente,5. Suficiente,5. Suficiente,3. Poco,Opción 1
2017/12/1 18:37:01,Lehen Hezkuntza,1,17,Mujer,Euskara,7. Muy de acuerdo,4. Moderadamente,7. Muy de acuerdo,1. No estoy de acuerdo en nada,6. Bastante,6. Bastante,2. Muy poco,2. Muy poco,6. Bastante,3. Poco,2. Muy poco,2. Muy poco,5. Suficiente,5. Suficiente,6. Bastante,1. No estoy de acuerdo en nada,
2017/12/1 23:44:55,Magisterio,1º,18,Mujer,Euskara,5. Suficiente,5. Suficiente,4. Moderadamente,2. Muy poco,4. Moderadamente,4. Moderadamente,7. Muy de acuerdo,3. Poco,4. Moderadamente,1. No estoy de acuerdo en nada,5. Suficiente,3. Poco,4. Moderadamente,4. Moderadamente,6. Bastante,3. Poco,Opción 1
2017/12/1 23:48:01,Magisterio,1º,18,Mujer,Euskara,5. Suficiente,6. Bastante,5. Suficiente,2. Muy poco,4. Moderadamente,4. Moderadamente,7. Muy de acuerdo,3. Poco,3. Poco,2. Muy poco,6. Bastante,3. Poco,6. Bastante,4. Moderadamente,6. Bastante,3. Poco,
2017/12/2 11:18:06,Peio Morentin,Lehen Hezkuntza 1,18,Hombre,Euskara,3. Poco,4. Moderadamente,3. Poco,6. Bastante,2. Muy poco,2. Muy poco,5. Suficiente,6. Bastante,3. Poco,2. Muy poco,6. Bastante,6. Bastante,2. Muy poco,2. Muy poco,3. Poco,5. Suficiente,
2017/12/2 12:03:43,Magisterio primaria,1,18,Mujer,Español,5. Suficiente,6. Bastante,6. Bastante,3. Poco,3. Poco,6. Bastante,6. Bastante,3. Poco,3. Poco,2. Muy poco,6. Bastante,2. Muy poco,5. Suficiente,6. Bastante,6. Bastante,2. Muy poco,
2017/12/2 13:49:17,Lehen Hezkuntza,1.maila,18,Mujer,Euskara,3. Poco,7. Muy de acuerdo,2. Muy poco,7. Muy de acuerdo,1. No estoy de acuerdo en nada,2. Muy poco,7. Muy de acuerdo,7. Muy de acuerdo,1. No estoy de acuerdo en nada,1. No estoy de acuerdo en nada,6. Bastante,7. Muy de acuerdo,2. Muy poco,4. Moderadamente,6. Bastante,7. Muy de acuerdo,
2017/12/3 13:32:33,Lehen Hezkuntza,1,18,Mujer,Español,6. Bastante,4. Moderadamente,5. Suficiente,2. Muy poco,4. Moderadamente,4. Moderadamente,5. Suficiente,3. Poco,4. Moderadamente,3. Poco,3. Poco,3. Poco,4. Moderadamente,4. Moderadamente,5. Suficiente,3. Poco,
2017/12/3 17:29:45,Lehen hezkuntza,1,20,Mujer,Euskara,1. No estoy de acuerdo en nada,6. Bastante,3. Poco,7. Muy de acuerdo,1. No estoy de acuerdo en nada,1. No estoy de acuerdo en nada,6. Bastante,6. Bastante,1. No estoy de acuerdo en nada,1. No estoy de acuerdo en nada,7. Muy de acuerdo,7. Muy de acuerdo,1. No estoy de acuerdo en nada,1. No estoy de acuerdo en nada,2. Muy poco,5. Suficiente,
2017/12/4 13:03:48,Magisteritza,1,18,Mujer,Euskara,4. Moderadamente,6. Bastante,5. Suficiente,2. Muy poco,3. Poco,4. Moderadamente,7. Muy de acuerdo,5. Suficiente,3. Poco,2. Muy poco,6. Bastante,4. Moderadamente,5. Suficiente,3. Poco,5. Suficiente,1. No estoy de acuerdo en nada,
2017/12/4 13:05:32,Magisteritza (Lehen Hezkuntza),1,17,Hombre,Español,6. Bastante,4. Moderadamente,4. Moderadamente,5. Suficiente,6. Bastante,5. Suficiente,5. Suficiente,2. Muy poco,5. Suficiente,6. Bastante,2. Muy poco,2. Muy poco,5. Suficiente,5. Suficiente,4. Moderadamente,2. Muy poco,
2017/12/4 13:10:51,Magisteritza,Lehenengo maila,18,Mujer,Español,5. Suficiente,6. Bastante,4. Moderadamente,5. Suficiente,4. Moderadamente,4. Moderadamente,7. Muy de acuerdo,5. Suficiente,3. Poco,3. Poco,7. Muy de acuerdo,4. Moderadamente,4. Moderadamente,3. Poco,7. Muy de acuerdo,1. No estoy de acuerdo en nada,
2017/12/4 13:12:32,Lehen hezkuntza,lehen hezkuntza,25,Hombre,Euskara,1. No estoy de acuerdo en nada,1. No estoy de acuerdo en nada,3. Poco,1. No estoy de acuerdo en nada,1. No estoy de acuerdo en nada,3. Poco,3. Poco,3. Poco,3. Poco,3. Poco,3. Poco,3. Poco,2. Muy poco,3. Poco,3. Poco,3. Poco,Opción 1
2017/12/4 13:17:03,Magisteritza,1,18,Mujer,Español,4. Moderadamente,3. Poco,3. Poco,2. Muy poco,4. Moderadamente,4. Moderadamente,6. Bastante,4. Moderadamente,2. Muy poco,2. Muy poco,5. Suficiente,4. Moderadamente,4. Moderadamente,4. Moderadamente,5. Suficiente,4. Moderadamente,
2017/12/4 13:19:04,Lehen Hezkuntzako gradua euskaraz,LH 1. maila,18,Hombre,Español,5. Suficiente,7. Muy de acuerdo,4. Moderadamente,3. Poco,4. Moderadamente,6. Bastante,6. Bastante,3. Poco,4. Moderadamente,3. Poco,6. Bastante,2. Muy poco,4. Moderadamente,6. Bastante,6. Bastante,2. Muy poco,Opción 1
2017/12/4 14:05:34,Lehen hezkuntza,1,18,Mujer,Euskara,1. No estoy de acuerdo en nada,6. Bastante,4. Moderadamente,3. Poco,4. Moderadamente,5. Suficiente,5. Suficiente,2. Muy poco,2. Muy poco,3. Poco,3. Poco,1. No estoy de acuerdo en nada,5. Suficiente,5. Suficiente,4. Moderadamente,3. Poco,
2017/12/4 14:11:31,Lehen Hezkuntza,1,21,Mujer,Español,7. Muy de acuerdo,1. No estoy de acuerdo en nada,5. Suficiente,1. No estoy de acuerdo en nada,7. Muy de acuerdo,6. Bastante,4. Moderadamente,1. No estoy de acuerdo en nada,4. Moderadamente,7. Muy de acuerdo,1. No estoy de acuerdo en nada,1. No estoy de acuerdo en nada,6. Bastante,7. Muy de acuerdo,3. Poco,1. No estoy de acuerdo en nada,Opción 1
2017/12/4 14:13:18,Lehen Hezkuntza,1,18,Mujer,Español,6. Bastante,2. Muy poco,7. Muy de acuerdo,1. No estoy de acuerdo en nada,5. Suficiente,7. Muy de acuerdo,3. Poco,2. Muy poco,4. Moderadamente,7. Muy de acuerdo,2. Muy poco,2. Muy poco,6. Bastante,6. Bastante,6. Bastante,1. No estoy de acuerdo en nada,Opción 1
2017/12/4 14:24:47,Komunikazio Gaitasunaren Garapena,1,21,Hombre,Español,5. Suficiente,7. Muy de acuerdo,7. Muy de acuerdo,1. No estoy de acuerdo en nada,5. Suficiente,6. Bastante,7. Muy de acuerdo,1. No estoy de acuerdo en nada,5. Suficiente,5. Suficiente,7. Muy de acuerdo,1. No estoy de acuerdo en nada,5. Suficiente,6. Bastante,7. Muy de acuerdo,1. No estoy de acuerdo en nada,Opción 1
2017/12/4 16:03:45,Educación primaria,1,18,Mujer,Español,1. No estoy de acuerdo en nada,7. Muy de acuerdo,3. Poco,2. Muy poco,2. Muy poco,3. Poco,6. Bastante,3. Poco,2. Muy poco,1. No estoy de acuerdo en nada,7. Muy de acuerdo,4. Moderadamente,2. Muy poco,2. Muy poco,6. Bastante,1. No estoy de acuerdo en nada,
2017/12/4 17:26:05,Magisteritza: Lehen Hezkuntza,1.,18,Hombre,Español,4. Moderadamente,5. Suficiente,6. Bastante,4. Moderadamente,3. Poco,4. Moderadamente,6. Bastante,4. Moderadamente,3. Poco,1. No estoy de acuerdo en nada,7. Muy de acuerdo,5. Suficiente,3. Poco,3. Poco,6. Bastante,4. Moderadamente,
2017/12/4 18:40:38,Lehen Hezkuntzako Gradua,1,21,Mujer,Euskara,6. Bastante,5. Suficiente,6. Bastante,6. Bastante,6. Bastante,5. Suficiente,7. Muy de acuerdo,3. Poco,6. Bastante,6. Bastante,6. Bastante,3. Poco,6. Bastante,5. Suficiente,7. Muy de acuerdo,3. Poco,Opción 1
2017/12/4 19:50:56,Lehen Hezkuntza,Primer curso,19,Mujer,Español,4. Moderadamente,6. Bastante,4. Moderadamente,4. Moderadamente,2. Muy poco,2. Muy poco,5. Suficiente,4. Moderadamente,2. Muy poco,7. Muy de acuerdo,4. Moderadamente,6. Bastante,2. Muy poco,2. Muy poco,7. Muy de acuerdo,4. Moderadamente,Opción 1
2017/12/4 21:12:02,Educacion primaria,1,18,Mujer,Español,6. Bastante,5. Suficiente,6. Bastante,4. Moderadamente,6. Bastante,6. Bastante,6. Bastante,4. Moderadamente,4. Moderadamente,4. Moderadamente,5. Suficiente,3. Poco,4. Moderadamente,5. Suficiente,6. Bastante,4. Moderadamente,Opción 1
2017/12/5 11:45:47,Lehen Hezkuntza,1,19,Emakumea,Español,5. Suficiente,6. Bastante,6. Bastante,3. Poco,6. Bastante,6. Bastante,3. Poco,3. Poco,6. Bastante,6. Bastante,3. Poco,3. Poco,6. Bastante,6. Bastante,3. Poco,4. Moderadamente,Opción 1
2017/12/7 12:32:00,Lehen Hezkuntza,?,?,Emakumea,Español,4. Moderadamente,6. Bastante,4. Moderadamente,2. Muy poco,5. Suficiente,6. Bastante,4. Moderadamente,3. Poco,5. Suficiente,1. No estoy de acuerdo en nada,2. Muy poco,1. No estoy de acuerdo en nada,5. Suficiente,5. Suficiente,5. Suficiente,1. No estoy de acuerdo en nada,Opción 1
2017/12/7 12:34:40,Ez,"Magizteritza, Lehen Hezkuntza",1. maila,Emakumea,Español,4. Moderadamente,6. Bastante,6. Bastante,5. Suficiente,4. Moderadamente,4. Moderadamente,6. Bastante,3. Poco,4. Moderadamente,3. Poco,5. Suficiente,4. Moderadamente,4. Moderadamente,3. Poco,6. Bastante,4. Moderadamente,
2017/12/7 19:06:36,Lehen Hezkuntza,1,19,Emakumea,Español,4. Moderadamente,7. Muy de acuerdo,5. Suficiente,4. Moderadamente,3. Poco,4. Moderadamente,7. Muy de acuerdo,4. Moderadamente,3. Poco,2. Muy poco,6. Bastante,7. Muy de acuerdo,3. Poco,3. Poco,2. Muy poco,4. Moderadamente,Opción 1
2017/12/8 11:37:20,?,?,?,Emakumea,Español,6. Bastante,4. Moderadamente,6. Bastante,3. Poco,3. Poco,4. Moderadamente,5. Suficiente,3. Poco,4. Moderadamente,1. No estoy de acuerdo en nada,6. Bastante,4. Moderadamente,3. Poco,5. Suficiente,5. Suficiente,3. Poco,
2017/12/11 13:44:32,Lehen Hezkuntzako gradua,Lehen maila,18,Emakumea,Euskara,3. Poco,7. Muy de acuerdo,3. Poco,5. Suficiente,1. No estoy de acuerdo en nada,2. Muy poco,7. Muy de acuerdo,5. Suficiente,1. No estoy de acuerdo en nada,1. No estoy de acuerdo en nada,6. Bastante,5. Suficiente,1. No estoy de acuerdo en nada,2. Muy poco,6. Bastante,7. Muy de acuerdo,
2017/12/12 11:33:23,Haur Hezkuntza,4,25,Emakumea,Español,5. Suficiente,5. Suficiente,4. Moderadamente,5. Suficiente,4. Moderadamente,4. Moderadamente,5. Suficiente,3. Poco,4. Moderadamente,5. Suficiente,3. Poco,4. Moderadamente,4. Moderadamente,4. Moderadamente,5. Suficiente,3. Poco,
2017/12/12 11:37:09,Haur Hezkuntzako Gradua,4. maila,24,Emakumea,Español,6. Bastante,7. Muy de acuerdo,5. Suficiente,3. Poco,3. Poco,4. Moderadamente,6. Bastante,5. Suficiente,4. Moderadamente,1. No estoy de acuerdo en nada,7. Muy de acuerdo,4. Moderadamente,4. Moderadamente,4. Moderadamente,7. Muy de acuerdo,3. Poco,
2017/12/12 11:37:57,HAUR HEZKUNTZAKO GRADUA,4. MAILA,26,Emakumea,Euskara,5. Suficiente,7. Muy de acuerdo,7. Muy de acuerdo,5. Suficiente,3. Poco,4. Moderadamente,7. Muy de acuerdo,6. Bastante,2. Muy poco,1. No estoy de acuerdo en nada,7. Muy de acuerdo,4. Moderadamente,1. No estoy de acuerdo en nada,4. Moderadamente,6. Bastante,2. Muy poco,
2017/12/12 11:37:58,Haur Hezkuntzako Gradua,4. maila,22,Emakumea,Español,6. Bastante,7. Muy de acuerdo,5. Suficiente,4. Moderadamente,3. Poco,4. Moderadamente,6. Bastante,6. Bastante,3. Poco,1. No estoy de acuerdo en nada,6. Bastante,4. Moderadamente,3. Poco,4. Moderadamente,6. Bastante,3. Poco,
2017/12/12 11:39:47,Haur Hezkuntzako Gradua,4. maila,21,Emakumea,Español,4. Moderadamente,6. Bastante,7. Muy de acuerdo,1. No estoy de acuerdo en nada,4. Moderadamente,7. Muy de acuerdo,7. Muy de acuerdo,2. Muy poco,3. Poco,4. Moderadamente,3. Poco,2. Muy poco,4. Moderadamente,7. Muy de acuerdo,7. Muy de acuerdo,1. No estoy de acuerdo en nada,
2017/12/12 11:46:54,Haur Hezkuntzako Gradua,4. maila,24,Emakumea,Español,6. Bastante,7. Muy de acuerdo,5. Suficiente,4. Moderadamente,3. Poco,4. Moderadamente,6. Bastante,5. Suficiente,3. Poco,1. No estoy de acuerdo en nada,7. Muy de acuerdo,4. Moderadamente,4. Moderadamente,4. Moderadamente,7. Muy de acuerdo,3. Poco,
2017/12/12 11:47:52,Haur Hezkuntza,4,20,Emakumea,Español,4. Moderadamente,6. Bastante,6. Bastante,2. Muy poco,3. Poco,6. Bastante,5. Suficiente,3. Poco,3. Poco,3. Poco,4. Moderadamente,3. Poco,3. Poco,6. Bastante,6. Bastante,3. Poco,
2017/12/12 21:44:19,Haur Hezkuntzako Gradua,4.maila,20,Emakumea,Euskara,6. Bastante,6. Bastante,6. Bastante,1. No estoy de acuerdo en nada,3. Poco,4. Moderadamente,7. Muy de acuerdo,4. Moderadamente,1. No estoy de acuerdo en nada,7. Muy de acuerdo,4. Moderadamente,2. Muy poco,3. Poco,3. Poco,6. Bastante,1. No estoy de acuerdo en nada,
2017/12/14 8:59:49,Lehen Hezkuntza,1. maila,19,Gizona,Euskara,5. Suficiente,6. Bastante,4. Moderadamente,5. Suficiente,5. Suficiente,6. Bastante,4. Moderadamente,6. Bastante,4. Moderadamente,6. Bastante,5. Suficiente,7. Muy de acuerdo,4. Moderadamente,6. Bastante,6. Bastante,7. Muy de acuerdo,
2017/12/14 13:13:41,Haur Hezkuntzako Gradua,4. maila,21,Emakumea,Español,4. Moderadamente,6. Bastante,6. Bastante,2. Muy poco,4. Moderadamente,5. Suficiente,5. Suficiente,5. Suficiente,4. Moderadamente,7. Muy de acuerdo,1. No estoy de acuerdo en nada,2. Muy poco,4. Moderadamente,5. Suficiente,3. Poco,4. Moderadamente,
2017/12/14 20:02:20,Haur Hezkuntzako gradua,4.maila,21,Emakumea,Euskara,6. Bastante,4. Moderadamente,5. Suficiente,1. No estoy de acuerdo en nada,6. Bastante,6. Bastante,5. Suficiente,2. Muy poco,5. Suficiente,7. Muy de acuerdo,1. No estoy de acuerdo en nada,2. Muy poco,5. Suficiente,6. Bastante,6. Bastante,1. No estoy de acuerdo en nada,
2017/12/17 16:34:54,Haur Hezkuntzako Gradua,4,31,Emakumea,Euskara,7. Muy de acuerdo,1. No estoy de acuerdo en nada,6. Bastante,1. No estoy de acuerdo en nada,6. Bastante,6. Bastante,3. Poco,1. No estoy de acuerdo en nada,5. Suficiente,6. Bastante,2. Muy poco,1. No estoy de acuerdo en nada,7. Muy de acuerdo,7. Muy de acuerdo,3. Poco,1. No estoy de acuerdo en nada,
2017/12/17 19:16:39,Haur Hezkuntza,4.maila,22,Emakumea,Español,4. Moderadamente,2. Muy poco,4. Moderadamente,1. No estoy de acuerdo en nada,3. Poco,6. Bastante,2. Muy poco,1. No estoy de acuerdo en nada,3. Poco,5. Suficiente,3. Poco,1. No estoy de acuerdo en nada,5. Suficiente,6. Bastante,4. Moderadamente,1. No estoy de acuerdo en nada,
2017/12/18 9:22:05,Haur Hezkuntza,4. Maila,21,Emakumea,Español,5. Suficiente,3. Poco,6. Bastante,2. Muy poco,5. Suficiente,6. Bastante,3. Poco,2. Muy poco,4. Moderadamente,6. Bastante,4. Moderadamente,1. No estoy de acuerdo en nada,6. Bastante,7. Muy de acuerdo,4. Moderadamente,2. Muy poco,
2017/12/18 9:22:35,HAUR HEZKUNTZA,4,21,Emakumea,Español,7. Muy de acuerdo,3. Poco,6. Bastante,1. No estoy de acuerdo en nada,4. Moderadamente,6. Bastante,4. Moderadamente,2. Muy poco,3. Poco,5. Suficiente,1. No estoy de acuerdo en nada,1. No estoy de acuerdo en nada,4. Moderadamente,6. Bastante,3. Poco,1. No estoy de acuerdo en nada,
2017/12/18 9:34:54,Haur Hezkuntzako gradua,4. kurtsoa,22,Emakumea,Español,6. Bastante,5. Suficiente,6. Bastante,1. No estoy de acuerdo en nada,6. Bastante,6. Bastante,4. Moderadamente,1. No estoy de acuerdo en nada,4. Moderadamente,7. Muy de acuerdo,1. No estoy de acuerdo en nada,1. No estoy de acuerdo en nada,5. Suficiente,5. Suficiente,4. Moderadamente,3. Poco,
2017/12/18 9:57:40,Haur Hezkuntza,4. MAILA,21,Emakumea,Español,4. Moderadamente,6. Bastante,5. Suficiente,4. Moderadamente,3. Poco,4. Moderadamente,6. Bastante,5. Suficiente,3. Poco,1. No estoy de acuerdo en nada,7. Muy de acuerdo,6. Bastante,2. Muy poco,3. Poco,6. Bastante,5. Suficiente,
2017/12/18 9:57:44,Haur Hezkuntza ,4. maila ,21,Emakumea,Euskara,4. Moderadamente,6. Bastante,3. Poco,6. Bastante,2. Muy poco,3. Poco,6. Bastante,4. Moderadamente,2. Muy poco,5. Suficiente,3. Poco,3. Poco,3. Poco,3. Poco,6. Bastante,3. Poco,
2017/12/18 9:58:55,Haur Hezkuntza,4,21,Emakumea,Euskara,1. No estoy de acuerdo en nada,7. Muy de acuerdo,3. Poco,7. Muy de acuerdo,1. No estoy de acuerdo en nada,1. No estoy de acuerdo en nada,7. Muy de acuerdo,6. Bastante,1. No estoy de acuerdo en nada,1. No estoy de acuerdo en nada,6. Bastante,7. Muy de acuerdo,1. No estoy de acuerdo en nada,1. No estoy de acuerdo en nada,7. Muy de acuerdo,6. Bastante,
2017/12/18 10:02:18,Haur Hezkuntza,4,21,Emakumea,Español,4. Moderadamente,4. Moderadamente,4. Moderadamente,4. Moderadamente,4. Moderadamente,4. Moderadamente,4. Moderadamente,4. Moderadamente,4. Moderadamente,4. Moderadamente,4. Moderadamente,4. Moderadamente,4. Moderadamente,4. Moderadamente,4. Moderadamente,4. Moderadamente,
2017/12/18 16:04:57,Haur Hezkuntza,4,21,Emakumea,Español,4. Moderadamente,3. Poco,4. Moderadamente,3. Poco,4. Moderadamente,5. Suficiente,4. Moderadamente,3. Poco,4. Moderadamente,7. Muy de acuerdo,3. Poco,3. Poco,4. Moderadamente,5. Suficiente,4. Moderadamente,3. Poco,
2017/12/19 9:02:15,haur hezkuntza,4,23,Gizona,Español,5. Suficiente,3. Poco,6. Bastante,2. Muy poco,5. Suficiente,6. Bastante,2. Muy poco,3. Poco,5. Suficiente,7. Muy de acuerdo,1. No estoy de acuerdo en nada,1. No estoy de acuerdo en nada,6. Bastante,6. Bastante,4. Moderadamente,2. Muy poco,
2017/12/19 17:21:16,Haur Hezkuntza,4,21,Emakumea,Español,2. Muy poco,4. Moderadamente,2. Muy poco,4. Moderadamente,2. Muy poco,2. Muy poco,7. Muy de acuerdo,4. Moderadamente,2. Muy poco,3. Poco,7. Muy de acuerdo,6. Bastante,3. Poco,2. Muy poco,7. Muy de acuerdo,3. Poco,
2017/12/19 20:00:09,Haur hezkuntza,4.maila,21,Emakumea,Español,5. Suficiente,5. Suficiente,6. Bastante,6. Bastante,5. Suficiente,6. Bastante,6. Bastante,3. Poco,6. Bastante,3. Poco,4. Moderadamente,4. Moderadamente,6. Bastante,6. Bastante,6. Bastante,1. No estoy de acuerdo en nada,
2017/12/19 23:04:08,Haur Hezkuntza,4,21,Emakumea,Español,4. Moderadamente,4. Moderadamente,4. Moderadamente,4. Moderadamente,4. Moderadamente,4. Moderadamente,4. Moderadamente,4. Moderadamente,4. Moderadamente,4. Moderadamente,4. Moderadamente,4. Moderadamente,4. Moderadamente,4. Moderadamente,4. Moderadamente,4. Moderadamente,
2017/12/20 17:31:04,Haur Hezkuntza,4,22,Emakumea,Español,6. Bastante,5. Suficiente,6. Bastante,3. Poco,5. Suficiente,6. Bastante,6. Bastante,3. Poco,4. Moderadamente,5. Suficiente,3. Poco,3. Poco,5. Suficiente,6. Bastante,6. Bastante,5. Suficiente,
2017/12/22 11:13:41,Haur Hezkuntza,4,24,Emakumea,Español,6. Bastante,4. Moderadamente,7. Muy de acuerdo,1. No estoy de acuerdo en nada,6. Bastante,6. Bastante,3. Poco,2. Muy poco,6. Bastante,6. Bastante,6. Bastante,2. Muy poco,6. Bastante,6. Bastante,6. Bastante,1. No estoy de acuerdo en nada,
2017/12/23 14:39:19,Haur Hezkuntzako Gradua,4. maila,26,Emakumea,Euskara,4. Moderadamente,5. Suficiente,6. Bastante,4. Moderadamente,2. Muy poco,6. Bastante,5. Suficiente,4. Moderadamente,1. No estoy de acuerdo en nada,5. Suficiente,3. Poco,3. Poco,3. Poco,5. Suficiente,5. Suficiente,3. Poco,
2018/1/5 11:46:34,Haur Hezkuntzako Gradua,4. maila,24,Emakumea,Euskara,6. Bastante,4. Moderadamente,5. Suficiente,3. Poco,5. Suficiente,7. Muy de acuerdo,4. Moderadamente,4. Moderadamente,5. Suficiente,7. Muy de acuerdo,3. Poco,3. Poco,5. Suficiente,6. Bastante,4. Moderadamente,3. Poco,
2018/6/13 2:03:32,Ikus-entzunezko Komunikazioa,Lehenengo kurtsoa,18,Gizona,Español,6. Bastante,1. No estoy de acuerdo en nada,7. Muy de acuerdo,2. Muy poco,5. Suficiente,7. Muy de acuerdo,4. Moderadamente,2. Muy poco,5. Suficiente,7. Muy de acuerdo,1. No estoy de acuerdo en nada,1. No estoy de acuerdo en nada,7. Muy de acuerdo,6. Bastante,4. Moderadamente,1. No estoy de acuerdo en nada,
2018/6/13 9:54:14,Publizitate eta Harreman Publikoak,1,19,Gizona,Euskara,5. Suficiente,1. No estoy de acuerdo en nada,2. Muy poco,1. No estoy de acuerdo en nada,5. Suficiente,6. Bastante,1. No estoy de acuerdo en nada,2. Muy poco,3. Poco,7. Muy de acuerdo,1. No estoy de acuerdo en nada,1. No estoy de acuerdo en nada,6. Bastante,4. Moderadamente,1. No estoy de acuerdo en nada,4. Moderadamente,
2018/6/13 14:45:21,Kazetaritza,1,19,Gizona,Español,6. Bastante,4. Moderadamente,6. Bastante,2. Muy poco,7. Muy de acuerdo,6. Bastante,4. Moderadamente,2. Muy poco,6. Bastante,6. Bastante,3. Poco,2. Muy poco,6. Bastante,7. Muy de acuerdo,4. Moderadamente,1. No estoy de acuerdo en nada,
2018/6/13 19:35:01,KAZETARITZA,1. Kurtsoa,18,Emakumea,Euskara,5. Suficiente,5. Suficiente,4. Moderadamente,4. Moderadamente,3. Poco,4. Moderadamente,5. Suficiente,4. Moderadamente,5. Suficiente,3. Poco,4. Moderadamente,4. Moderadamente,5. Suficiente,5. Suficiente,3. Poco,4. Moderadamente,
2018/6/14 11:10:28,publizitatea eta harreman publikoak,1,18,Emakumea,Español,6. Bastante,1. No estoy de acuerdo en nada,7. Muy de acuerdo,2. Muy poco,6. Bastante,6. Bastante,1. No estoy de acuerdo en nada,2. Muy poco,6. Bastante,7. Muy de acuerdo,1. No estoy de acuerdo en nada,1. No estoy de acuerdo en nada,6. Bastante,5. Suficiente,1. No estoy de acuerdo en nada,2. Muy poco,
2018/6/14 12:28:19,Kazetaritza,1,19,Emakumea,Español,5. Suficiente,3. Poco,6. Bastante,2. Muy poco,6. Bastante,6. Bastante,3. Poco,3. Poco,6. Bastante,7. Muy de acuerdo,1. No estoy de acuerdo en nada,1. No estoy de acuerdo en nada,5. Suficiente,6. Bastante,4. Moderadamente,2. Muy poco,
2018/6/14 18:20:25,Periodismo,1er curso,18,Gizona,Euskara,3. Poco,2. Muy poco,6. Bastante,4. Moderadamente,3. Poco,4. Moderadamente,4. Moderadamente,4. Moderadamente,3. Poco,7. Muy de acuerdo,3. Poco,3. Poco,3. Poco,4. Moderadamente,3. Poco,3. Poco,
