Marca temporal,Titulazioa,Kurtsoa,Adina,Género,Lengua materna,1. Porque creo que esta actividad es interesante.,2. Porque se supone que debo hacerlo.,3. Por mi propio bien,"4. Puede que haya buenas razones para realizar esta actividad, pero yo no veo ninguna",5. Porque disfruto con esta actividad,6. Porque creo que esta actividad es buena para mí,7. Porque es algo que tengo que hacer,"8. Realizo esta actividad, pero no estoy seguro de si vale la pena",9. Porque esta actividad es divertida,10. Por decisión personal,11. Porque no tengo otra alternativa,12. No lo sé, No veo qué me aporta esta actividad,13. Porque me siento bien realizando esta actividad,14. Porque creo que esta actividad es importante para mí,15. Porque creo que tengo que hacerlo,"16. Hago esta actividad, pero no estoy seguro de que sea conveniente continuar con ella"
2017/3/17 9:21:12,Matematika,4,24,Gizona,Español,2. Muy poco,2. Muy poco,4. Moderadamente,5. Suficiente,3. Poco,6. Bastante,4. Moderadamente,2. Muy poco,4. Moderadamente,5. Suficiente,5. Suficiente,5. Suficiente,4. Moderadamente,1. No estoy de acuerdo en nada,3. Poco,4. Moderadamente,
2017/3/17 9:52:10,Publizitate eta Harreman Publikoak,1,18,Gizona,Español,2. Muy poco,7. Muy de acuerdo,4. Moderadamente,4. Moderadamente,3. Poco,2. Muy poco,7. Muy de acuerdo,2. Muy poco,3. Poco,1. No estoy de acuerdo en nada,6. Bastante,4. Moderadamente,4. Moderadamente,7. Muy de acuerdo,7. Muy de acuerdo,7. Muy de acuerdo,
2017/4/10 9:51:44,Kazetaritza,1,18,Emakumea,Español,4. Moderadamente,6. Bastante,2. Muy poco,5. Suficiente,4. Moderadamente,2. Muy poco,7. Muy de acuerdo,5. Suficiente,2. Muy poco,2. Muy poco,7. Muy de acuerdo,7. Muy de acuerdo,1. No estoy de acuerdo en nada,1. No estoy de acuerdo en nada,4. Moderadamente,5. Suficiente,
2017/4/10 9:51:46,Ikus-entzunezko komunikazioa,1,18,Emakumea,Español,5. Suficiente,7. Muy de acuerdo,5. Suficiente,7. Muy de acuerdo,6. Bastante,5. Suficiente,7. Muy de acuerdo,5. Suficiente,6. Bastante,3. Poco,7. Muy de acuerdo,5. Suficiente,4. Moderadamente,2. Muy poco,4. Moderadamente,4. Moderadamente,
2017/4/10 9:52:06,Kazetaritza,1,18,Emakumea,Español,6. Bastante,3. Poco,6. Bastante,2. Muy poco,6. Bastante,6. Bastante,3. Poco,2. Muy poco,6. Bastante,3. Poco,4. Moderadamente,2. Muy poco,6. Bastante,6. Bastante,3. Poco,3. Poco,
2017/4/10 9:52:11,Kazetaritza,1,19,Emakumea,Español,6. Bastante,4. Moderadamente,5. Suficiente,1. No estoy de acuerdo en nada,5. Suficiente,6. Bastante,4. Moderadamente,1. No estoy de acuerdo en nada,5. Suficiente,2. Muy poco,4. Moderadamente,1. No estoy de acuerdo en nada,6. Bastante,4. Moderadamente,4. Moderadamente,1. No estoy de acuerdo en nada,
2017/4/10 9:52:25,Kazetaritza,1,18,Emakumea,Español,5. Suficiente,6. Bastante,4. Moderadamente,3. Poco,4. Moderadamente,4. Moderadamente,6. Bastante,3. Poco,4. Moderadamente,2. Muy poco,6. Bastante,3. Poco,5. Suficiente,4. Moderadamente,5. Suficiente,3. Poco,
2017/4/10 9:52:58,Kazetaritza,1,20,Emakumea,Español,6. Bastante,6. Bastante,6. Bastante,1. No estoy de acuerdo en nada,5. Suficiente,5. Suficiente,5. Suficiente,3. Poco,6. Bastante,6. Bastante,3. Poco,3. Poco,5. Suficiente,5. Suficiente,5. Suficiente,2. Muy poco,
2017/4/10 9:53:04,Ikus-entzunezko komunikazioa,1,18,Emakumea,Español,6. Bastante,5. Suficiente,4. Moderadamente,2. Muy poco,5. Suficiente,5. Suficiente,5. Suficiente,4. Moderadamente,5. Suficiente,3. Poco,4. Moderadamente,2. Muy poco,4. Moderadamente,5. Suficiente,3. Poco,3. Poco,
2017/4/10 9:53:09,Kazetaritza,1,18,Emakumea,Euskara,3. Poco,6. Bastante,4. Moderadamente,5. Suficiente,2. Muy poco,3. Poco,6. Bastante,4. Moderadamente,3. Poco,4. Moderadamente,6. Bastante,6. Bastante,3. Poco,4. Moderadamente,4. Moderadamente,5. Suficiente,
2017/4/10 9:53:32,Kazetaritza,1,18,Emakumea,Español,4. Moderadamente,6. Bastante,2. Muy poco,4. Moderadamente,3. Poco,3. Poco,1. No estoy de acuerdo en nada,6. Bastante,3. Poco,1. No estoy de acuerdo en nada,7. Muy de acuerdo,4. Moderadamente,3. Poco,2. Muy poco,3. Poco,4. Moderadamente,
2017/4/10 9:54:11,Kazetaritza,1,18,Emakumea,Español,4. Moderadamente,4. Moderadamente,4. Moderadamente,4. Moderadamente,4. Moderadamente,4. Moderadamente,5. Suficiente,3. Poco,3. Poco,7. Muy de acuerdo,3. Poco,1. No estoy de acuerdo en nada,4. Moderadamente,4. Moderadamente,4. Moderadamente,3. Poco,
2017/4/10 9:54:20,Kazetaritza,1,19,Emakumea,Español,4. Moderadamente,5. Suficiente,6. Bastante,3. Poco,4. Moderadamente,5. Suficiente,6. Bastante,7. Muy de acuerdo,5. Suficiente,5. Suficiente,5. Suficiente,5. Suficiente,3. Poco,4. Moderadamente,5. Suficiente,2. Muy poco,
2017/4/10 9:54:29,Ikus-entzunezko komunikazioa,1,18,Emakumea,Español,6. Bastante,3. Poco,5. Suficiente,2. Muy poco,6. Bastante,5. Suficiente,4. Moderadamente,4. Moderadamente,5. Suficiente,6. Bastante,6. Bastante,3. Poco,5. Suficiente,4. Moderadamente,5. Suficiente,5. Suficiente,
2017/4/10 9:54:49,Publizitate eta Harreman Publikoak,1,18,Emakumea,Euskara,5. Suficiente,7. Muy de acuerdo,7. Muy de acuerdo,2. Muy poco,2. Muy poco,7. Muy de acuerdo,7. Muy de acuerdo,5. Suficiente,4. Moderadamente,1. No estoy de acuerdo en nada,7. Muy de acuerdo,2. Muy poco,4. Moderadamente,6. Bastante,7. Muy de acuerdo,2. Muy poco,
2017/4/10 9:55:28,Kazetaritza,1,20,Emakumea,Euskara,7. Muy de acuerdo,3. Poco,7. Muy de acuerdo,1. No estoy de acuerdo en nada,6. Bastante,7. Muy de acuerdo,5. Suficiente,3. Poco,6. Bastante,6. Bastante,2. Muy poco,2. Muy poco,6. Bastante,6. Bastante,5. Suficiente,2. Muy poco,
2017/4/10 9:55:35,Kazetaritza,1,23,Emakumea,Euskara,5. Suficiente,4. Moderadamente,2. Muy poco,4. Moderadamente,2. Muy poco,2. Muy poco,7. Muy de acuerdo,4. Moderadamente,1. No estoy de acuerdo en nada,1. No estoy de acuerdo en nada,7. Muy de acuerdo,7. Muy de acuerdo,1. No estoy de acuerdo en nada,1. No estoy de acuerdo en nada,7. Muy de acuerdo,7. Muy de acuerdo,
2017/4/10 9:55:47,Ikus-entzunezko komunikazioa,1,19,Emakumea,Español,2. Muy poco,7. Muy de acuerdo,5. Suficiente,2. Muy poco,3. Poco,5. Suficiente,6. Bastante,6. Bastante,2. Muy poco,1. No estoy de acuerdo en nada,4. Moderadamente,6. Bastante,3. Poco,4. Moderadamente,4. Moderadamente,6. Bastante,
2017/4/10 9:56:49,Kazetaritza,1,20,Emakumea,Euskara,5. Suficiente,7. Muy de acuerdo,6. Bastante,4. Moderadamente,5. Suficiente,5. Suficiente,6. Bastante,4. Moderadamente,5. Suficiente,3. Poco,6. Bastante,4. Moderadamente,5. Suficiente,5. Suficiente,6. Bastante,2. Muy poco,
2017/4/10 9:56:55,Publizitate eta Harreman Publikoak,1,18,Emakumea,Español,4. Moderadamente,4. Moderadamente,3. Poco,3. Poco,4. Moderadamente,3. Poco,4. Moderadamente,4. Moderadamente,4. Moderadamente,3. Poco,3. Poco,3. Poco,3. Poco,3. Poco,4. Moderadamente,3. Poco,
2017/4/10 9:57:24,Publizitate eta Harreman Publikoak,1,18,Emakumea,Español,4. Moderadamente,6. Bastante,1. No estoy de acuerdo en nada,4. Moderadamente,3. Poco,3. Poco,6. Bastante,6. Bastante,3. Poco,3. Poco,5. Suficiente,3. Poco,4. Moderadamente,3. Poco,4. Moderadamente,4. Moderadamente,
2017/4/10 9:59:40,Kazetaritza,1,19,Emakumea,Español,6. Bastante,5. Suficiente,5. Suficiente,2. Muy poco,6. Bastante,6. Bastante,5. Suficiente,3. Poco,6. Bastante,6. Bastante,2. Muy poco,3. Poco,6. Bastante,6. Bastante,4. Moderadamente,2. Muy poco,
2017/4/10 10:00:23,Kazetaritza,1,19,Emakumea,Euskara,4. Moderadamente,6. Bastante,3. Poco,4. Moderadamente,4. Moderadamente,4. Moderadamente,5. Suficiente,4. Moderadamente,3. Poco,3. Poco,6. Bastante,5. Suficiente,5. Suficiente,2. Muy poco,5. Suficiente,6. Bastante,
2017/4/10 10:03:52,Kazetaritza,1,20,Emakumea,Euskara,3. Poco,4. Moderadamente,4. Moderadamente,5. Suficiente,3. Poco,3. Poco,4. Moderadamente,5. Suficiente,3. Poco,3. Poco,5. Suficiente,4. Moderadamente,3. Poco,3. Poco,5. Suficiente,5. Suficiente,
2017/4/10 10:04:12,Kazetaritza,1,18,Emakumea,Euskara,5. Suficiente,3. Poco,5. Suficiente,2. Muy poco,4. Moderadamente,6. Bastante,4. Moderadamente,3. Poco,4. Moderadamente,2. Muy poco,4. Moderadamente,2. Muy poco,3. Poco,3. Poco,4. Moderadamente,3. Poco,
2017/4/11 11:28:58,Publizitate eta Harreman Publikoak,1,19,Emakumea,Euskara,1. No estoy de acuerdo en nada,6. Bastante,2. Muy poco,4. Moderadamente,5. Suficiente,3. Poco,6. Bastante,3. Poco,6. Bastante,1. No estoy de acuerdo en nada,7. Muy de acuerdo,3. Poco,4. Moderadamente,1. No estoy de acuerdo en nada,4. Moderadamente,2. Muy poco,
2017/4/11 11:30:05,Publizitate eta Harreman Publikoak,1,19,Emakumea,Español,6. Bastante,6. Bastante,7. Muy de acuerdo,1. No estoy de acuerdo en nada,7. Muy de acuerdo,7. Muy de acuerdo,6. Bastante,1. No estoy de acuerdo en nada,7. Muy de acuerdo,7. Muy de acuerdo,2. Muy poco,2. Muy poco,4. Moderadamente,6. Bastante,5. Suficiente,2. Muy poco,
2017/4/11 11:30:23,Kazetaritza,1,18,Emakumea,Euskara,7. Muy de acuerdo,6. Bastante,6. Bastante,1. No estoy de acuerdo en nada,7. Muy de acuerdo,6. Bastante,4. Moderadamente,1. No estoy de acuerdo en nada,7. Muy de acuerdo,1. No estoy de acuerdo en nada,1. No estoy de acuerdo en nada,1. No estoy de acuerdo en nada,7. Muy de acuerdo,5. Suficiente,7. Muy de acuerdo,1. No estoy de acuerdo en nada,
2017/4/11 11:30:24,Kazetaritza,1,18,Emakumea,Euskara,4. Moderadamente,7. Muy de acuerdo,4. Moderadamente,3. Poco,5. Suficiente,3. Poco,7. Muy de acuerdo,3. Poco,3. Poco,5. Suficiente,7. Muy de acuerdo,3. Poco,3. Poco,5. Suficiente,7. Muy de acuerdo,2. Muy poco,
2017/4/11 11:30:25,Publizitate eta Harreman Publikoak,1,18,Emakumea,Español,4. Moderadamente,6. Bastante,6. Bastante,2. Muy poco,6. Bastante,7. Muy de acuerdo,5. Suficiente,3. Poco,6. Bastante,1. No estoy de acuerdo en nada,3. Poco,3. Poco,6. Bastante,3. Poco,6. Bastante,1. No estoy de acuerdo en nada,
2017/4/11 11:30:26,Kazetaritza,1,18,Emakumea,Euskara,6. Bastante,3. Poco,6. Bastante,2. Muy poco,6. Bastante,6. Bastante,5. Suficiente,3. Poco,6. Bastante,5. Suficiente,3. Poco,2. Muy poco,5. Suficiente,6. Bastante,4. Moderadamente,2. Muy poco,
2017/4/11 11:30:43,Ikus-entzunezko komunikazioa,1,19,Emakumea,Español,4. Moderadamente,5. Suficiente,4. Moderadamente,3. Poco,5. Suficiente,4. Moderadamente,6. Bastante,3. Poco,5. Suficiente,1. No estoy de acuerdo en nada,6. Bastante,3. Poco,4. Moderadamente,3. Poco,3. Poco,1. No estoy de acuerdo en nada,
2017/4/11 11:30:43,Ikus-entzunezko komunikazioa,1,18,Emakumea,Euskara,4. Moderadamente,6. Bastante,3. Poco,3. Poco,4. Moderadamente,4. Moderadamente,6. Bastante,4. Moderadamente,4. Moderadamente,2. Muy poco,5. Suficiente,3. Poco,3. Poco,3. Poco,5. Suficiente,4. Moderadamente,
2017/4/11 11:30:49,Kazetaritza,1,19,Emakumea,Euskara,3. Poco,6. Bastante,5. Suficiente,3. Poco,3. Poco,5. Suficiente,5. Suficiente,3. Poco,3. Poco,1. No estoy de acuerdo en nada,4. Moderadamente,3. Poco,3. Poco,5. Suficiente,6. Bastante,2. Muy poco,
2017/4/11 11:31:16,Kazetaritza,1,18,Emakumea,Euskara,6. Bastante,6. Bastante,6. Bastante,2. Muy poco,5. Suficiente,6. Bastante,6. Bastante,4. Moderadamente,6. Bastante,6. Bastante,5. Suficiente,2. Muy poco,5. Suficiente,5. Suficiente,5. Suficiente,2. Muy poco,
2017/4/11 11:32:02,Publizitate eta Harreman Publikoak,1,18,Emakumea,Euskara,7. Muy de acuerdo,4. Moderadamente,5. Suficiente,1. No estoy de acuerdo en nada,6. Bastante,7. Muy de acuerdo,5. Suficiente,1. No estoy de acuerdo en nada,6. Bastante,3. Poco,6. Bastante,1. No estoy de acuerdo en nada,7. Muy de acuerdo,6. Bastante,6. Bastante,1. No estoy de acuerdo en nada,
2017/4/11 11:32:27,Ikus-entzunezko komunikazioa,1,18,Emakumea,Euskara,6. Bastante,3. Poco,6. Bastante,3. Poco,5. Suficiente,6. Bastante,6. Bastante,3. Poco,5. Suficiente,3. Poco,3. Poco,3. Poco,4. Moderadamente,5. Suficiente,5. Suficiente,3. Poco,
2017/4/11 11:32:42,Kazetaritza,1,18,Emakumea,Euskara,6. Bastante,7. Muy de acuerdo,6. Bastante,2. Muy poco,6. Bastante,6. Bastante,6. Bastante,4. Moderadamente,6. Bastante,1. No estoy de acuerdo en nada,7. Muy de acuerdo,2. Muy poco,6. Bastante,6. Bastante,6. Bastante,2. Muy poco,
2017/4/11 11:32:47,Ikus-entzunezko komunikazioa,1,18,Emakumea,Euskara,4. Moderadamente,6. Bastante,6. Bastante,3. Poco,5. Suficiente,5. Suficiente,5. Suficiente,5. Suficiente,5. Suficiente,3. Poco,6. Bastante,3. Poco,5. Suficiente,4. Moderadamente,6. Bastante,3. Poco,
2017/4/11 11:32:47,Ikus-entzunezko komunikazioa,1,18,Emakumea,Euskara,1. No estoy de acuerdo en nada,7. Muy de acuerdo,1. No estoy de acuerdo en nada,7. Muy de acuerdo,1. No estoy de acuerdo en nada,1. No estoy de acuerdo en nada,7. Muy de acuerdo,6. Bastante,1. No estoy de acuerdo en nada,1. No estoy de acuerdo en nada,7. Muy de acuerdo,7. Muy de acuerdo,1. No estoy de acuerdo en nada,1. No estoy de acuerdo en nada,1. No estoy de acuerdo en nada,7. Muy de acuerdo,
2017/4/11 11:33:05,Kazetaritza,1,19,Emakumea,Español,6. Bastante,6. Bastante,6. Bastante,1. No estoy de acuerdo en nada,7. Muy de acuerdo,5. Suficiente,7. Muy de acuerdo,2. Muy poco,7. Muy de acuerdo,2. Muy poco,7. Muy de acuerdo,1. No estoy de acuerdo en nada,6. Bastante,5. Suficiente,7. Muy de acuerdo,2. Muy poco,
2017/4/11 11:33:26,Kazetaritza,1,19,Emakumea,Español,4. Moderadamente,7. Muy de acuerdo,7. Muy de acuerdo,1. No estoy de acuerdo en nada,5. Suficiente,6. Bastante,7. Muy de acuerdo,1. No estoy de acuerdo en nada,6. Bastante,1. No estoy de acuerdo en nada,7. Muy de acuerdo,2. Muy poco,4. Moderadamente,5. Suficiente,7. Muy de acuerdo,1. No estoy de acuerdo en nada,
2017/4/11 11:33:56,Ikus-entzunezko komunikazioa,1,18,Emakumea,Euskara,1. No estoy de acuerdo en nada,4. Moderadamente,1. No estoy de acuerdo en nada,5. Suficiente,1. No estoy de acuerdo en nada,2. Muy poco,5. Suficiente,6. Bastante,1. No estoy de acuerdo en nada,1. No estoy de acuerdo en nada,7. Muy de acuerdo,7. Muy de acuerdo,1. No estoy de acuerdo en nada,1. No estoy de acuerdo en nada,1. No estoy de acuerdo en nada,7. Muy de acuerdo,
2017/4/27 14:40:03,Matematika,4,22,Emakumea,Euskara,4. Moderadamente,7. Muy de acuerdo,4. Moderadamente,2. Muy poco,5. Suficiente,4. Moderadamente,4. Moderadamente,3. Poco,5. Suficiente,1. No estoy de acuerdo en nada,7. Muy de acuerdo,2. Muy poco,5. Suficiente,3. Poco,5. Suficiente,1. No estoy de acuerdo en nada,
2017/4/27 14:40:32,Matematika,4,24,Emakumea,Español,3. Poco,6. Bastante,5. Suficiente,5. Suficiente,3. Poco,4. Moderadamente,6. Bastante,4. Moderadamente,3. Poco,3. Poco,6. Bastante,3. Poco,3. Poco,5. Suficiente,6. Bastante,4. Moderadamente,
2017/4/27 14:41:40,Matematika,4,24,Emakumea,Español,3. Poco,7. Muy de acuerdo,2. Muy poco,4. Moderadamente,1. No estoy de acuerdo en nada,1. No estoy de acuerdo en nada,7. Muy de acuerdo,4. Moderadamente,1. No estoy de acuerdo en nada,1. No estoy de acuerdo en nada,7. Muy de acuerdo,7. Muy de acuerdo,2. Muy poco,4. Moderadamente,5. Suficiente,4. Moderadamente,
2017/4/27 14:41:46,Matematika,4,22,Emakumea,Español,3. Poco,7. Muy de acuerdo,3. Poco,4. Moderadamente,2. Muy poco,4. Moderadamente,7. Muy de acuerdo,6. Bastante,3. Poco,1. No estoy de acuerdo en nada,6. Bastante,4. Moderadamente,3. Poco,2. Muy poco,6. Bastante,4. Moderadamente,
2017/4/27 14:42:21,Matematika,4,21,Emakumea,Español,5. Suficiente,4. Moderadamente,2. Muy poco,2. Muy poco,3. Poco,3. Poco,7. Muy de acuerdo,3. Poco,3. Poco,1. No estoy de acuerdo en nada,7. Muy de acuerdo,3. Poco,5. Suficiente,2. Muy poco,4. Moderadamente,3. Poco,
2017/4/27 14:42:33,Matematika,4,21,Emakumea,Euskara,4. Moderadamente,4. Moderadamente,5. Suficiente,3. Poco,2. Muy poco,4. Moderadamente,5. Suficiente,4. Moderadamente,4. Moderadamente,7. Muy de acuerdo,5. Suficiente,3. Poco,4. Moderadamente,4. Moderadamente,5. Suficiente,3. Poco,
2017/4/27 14:42:46,Matematika,4,22,Emakumea,Euskara,6. Bastante,6. Bastante,3. Poco,2. Muy poco,4. Moderadamente,4. Moderadamente,4. Moderadamente,4. Moderadamente,5. Suficiente,2. Muy poco,5. Suficiente,3. Poco,4. Moderadamente,4. Moderadamente,4. Moderadamente,2. Muy poco,
2017/4/27 14:42:55,Matematika,4,21,Emakumea,Euskara,3. Poco,7. Muy de acuerdo,5. Suficiente,5. Suficiente,3. Poco,4. Moderadamente,7. Muy de acuerdo,3. Poco,3. Poco,1. No estoy de acuerdo en nada,7. Muy de acuerdo,4. Moderadamente,4. Moderadamente,2. Muy poco,6. Bastante,1. No estoy de acuerdo en nada,
2017/4/27 14:43:29,Matematika,4,22,Emakumea,Euskara,3. Poco,6. Bastante,6. Bastante,5. Suficiente,4. Moderadamente,5. Suficiente,5. Suficiente,2. Muy poco,3. Poco,7. Muy de acuerdo,1. No estoy de acuerdo en nada,6. Bastante,5. Suficiente,6. Bastante,6. Bastante,7. Muy de acuerdo,
2017/4/27 14:44:00,Matematika,4,23,Emakumea,Euskara,4. Moderadamente,4. Moderadamente,5. Suficiente,4. Moderadamente,4. Moderadamente,4. Moderadamente,4. Moderadamente,4. Moderadamente,4. Moderadamente,7. Muy de acuerdo,7. Muy de acuerdo,1. No estoy de acuerdo en nada,7. Muy de acuerdo,4. Moderadamente,4. Moderadamente,4. Moderadamente,
2017/4/27 14:44:14,Matematika,4,38,Emakumea,Euskara,5. Suficiente,7. Muy de acuerdo,7. Muy de acuerdo,7. Muy de acuerdo,3. Poco,4. Moderadamente,1. No estoy de acuerdo en nada,2. Muy poco,3. Poco,5. Suficiente,7. Muy de acuerdo,6. Bastante,3. Poco,2. Muy poco,6. Bastante,3. Poco,
2017/4/27 14:44:19,Matematika,4,22,Emakumea,Euskara,6. Bastante,4. Moderadamente,6. Bastante,2. Muy poco,5. Suficiente,6. Bastante,4. Moderadamente,2. Muy poco,4. Moderadamente,7. Muy de acuerdo,2. Muy poco,1. No estoy de acuerdo en nada,7. Muy de acuerdo,6. Bastante,3. Poco,1. No estoy de acuerdo en nada,
2017/4/27 14:44:20,Matematika,4,22,Emakumea,Español,5. Suficiente,4. Moderadamente,4. Moderadamente,2. Muy poco,4. Moderadamente,5. Suficiente,5. Suficiente,5. Suficiente,5. Suficiente,3. Poco,3. Poco,4. Moderadamente,5. Suficiente,4. Moderadamente,4. Moderadamente,4. Moderadamente,
2017/4/27 14:45:25,Matematika,4,21,Emakumea,Español,3. Poco,6. Bastante,5. Suficiente,3. Poco,3. Poco,4. Moderadamente,6. Bastante,4. Moderadamente,3. Poco,4. Moderadamente,4. Moderadamente,5. Suficiente,5. Suficiente,4. Moderadamente,5. Suficiente,3. Poco,
2017/4/27 14:45:26,Matematika,4,38,Emakumea,Euskara,3. Poco,4. Moderadamente,5. Suficiente,3. Poco,5. Suficiente,6. Bastante,4. Moderadamente,6. Bastante,3. Poco,4. Moderadamente,4. Moderadamente,4. Moderadamente,4. Moderadamente,4. Moderadamente,4. Moderadamente,4. Moderadamente,
2017/4/27 14:45:38,Matematika,4,21,Emakumea,Euskara,5. Suficiente,4. Moderadamente,5. Suficiente,3. Poco,4. Moderadamente,6. Bastante,5. Suficiente,4. Moderadamente,3. Poco,6. Bastante,1. No estoy de acuerdo en nada,3. Poco,4. Moderadamente,4. Moderadamente,4. Moderadamente,1. No estoy de acuerdo en nada,
2017/4/27 14:46:00,Matematika,4,25,Emakumea,Euskara,4. Moderadamente,5. Suficiente,4. Moderadamente,2. Muy poco,3. Poco,4. Moderadamente,5. Suficiente,3. Poco,3. Poco,3. Poco,3. Poco,2. Muy poco,4. Moderadamente,4. Moderadamente,5. Suficiente,2. Muy poco,
2017/4/27 14:46:09,Matematika,4,21,Emakumea,Español,4. Moderadamente,6. Bastante,3. Poco,6. Bastante,1. No estoy de acuerdo en nada,5. Suficiente,7. Muy de acuerdo,3. Poco,6. Bastante,2. Muy poco,5. Suficiente,5. Suficiente,5. Suficiente,3. Poco,5. Suficiente,3. Poco,
2017/4/27 14:48:11,Fisika,4,23,Emakumea,Euskara,4. Moderadamente,4. Moderadamente,4. Moderadamente,4. Moderadamente,4. Moderadamente,4. Moderadamente,4. Moderadamente,4. Moderadamente,4. Moderadamente,4. Moderadamente,4. Moderadamente,4. Moderadamente,4. Moderadamente,4. Moderadamente,4. Moderadamente,4. Moderadamente,
2017/4/27 14:48:36,Matematika,4,23,Emakumea,Español,5. Suficiente,5. Suficiente,6. Bastante,2. Muy poco,3. Poco,3. Poco,3. Poco,3. Poco,3. Poco,2. Muy poco,3. Poco,3. Poco,3. Poco,3. Poco,3. Poco,3. Poco,
2017/4/27 14:48:39,Fisika,4,25,Emakumea,Español,4. Moderadamente,6. Bastante,6. Bastante,5. Suficiente,6. Bastante,5. Suficiente,7. Muy de acuerdo,6. Bastante,6. Bastante,4. Moderadamente,4. Moderadamente,4. Moderadamente,3. Poco,6. Bastante,1. No estoy de acuerdo en nada,1. No estoy de acuerdo en nada,
2017/4/27 14:49:02,Matematika,4,22,Emakumea,Euskara,3. Poco,6. Bastante,3. Poco,5. Suficiente,2. Muy poco,2. Muy poco,6. Bastante,2. Muy poco,4. Moderadamente,1. No estoy de acuerdo en nada,6. Bastante,4. Moderadamente,3. Poco,2. Muy poco,5. Suficiente,5. Suficiente,
2017/4/27 14:49:16,Grado en Ingenieria Electrónica,4,25,Emakumea,Euskara,4. Moderadamente,6. Bastante,3. Poco,4. Moderadamente,5. Suficiente,5. Suficiente,6. Bastante,4. Moderadamente,4. Moderadamente,4. Moderadamente,5. Suficiente,3. Poco,5. Suficiente,3. Poco,4. Moderadamente,3. Poco,
2017/4/27 14:49:51,Fisika,4,21,Emakumea,Euskara,6. Bastante,6. Bastante,3. Poco,1. No estoy de acuerdo en nada,4. Moderadamente,2. Muy poco,6. Bastante,1. No estoy de acuerdo en nada,1. No estoy de acuerdo en nada,1. No estoy de acuerdo en nada,4. Moderadamente,1. No estoy de acuerdo en nada,3. Poco,2. Muy poco,4. Moderadamente,1. No estoy de acuerdo en nada,
2017/4/27 14:52:07,Matematika,4,22,Emakumea,Euskara,4. Moderadamente,6. Bastante,7. Muy de acuerdo,4. Moderadamente,3. Poco,4. Moderadamente,6. Bastante,5. Suficiente,2. Muy poco,1. No estoy de acuerdo en nada,7. Muy de acuerdo,6. Bastante,3. Poco,3. Poco,5. Suficiente,4. Moderadamente,
2017/4/27 14:54:02,Matematika,4,21,Emakumea,Euskara,5. Suficiente,7. Muy de acuerdo,3. Poco,3. Poco,3. Poco,5. Suficiente,7. Muy de acuerdo,4. Moderadamente,4. Moderadamente,2. Muy poco,6. Bastante,3. Poco,4. Moderadamente,4. Moderadamente,7. Muy de acuerdo,3. Poco,
2017/4/27 14:54:22,Matematika,4,21,Emakumea,Español,6. Bastante,6. Bastante,4. Moderadamente,2. Muy poco,6. Bastante,5. Suficiente,6. Bastante,4. Moderadamente,6. Bastante,1. No estoy de acuerdo en nada,5. Suficiente,3. Poco,4. Moderadamente,4. Moderadamente,6. Bastante,3. Poco,
2017/4/27 15:00:40,Matematika,4,21,Emakumea,Español,3. Poco,5. Suficiente,5. Suficiente,3. Poco,4. Moderadamente,3. Poco,7. Muy de acuerdo,4. Moderadamente,4. Moderadamente,2. Muy poco,3. Poco,3. Poco,3. Poco,2. Muy poco,6. Bastante,3. Poco,
2017/11/30 9:24:45,Lehen Hezkuntza,1,18,Emakumea,Español,5. Suficiente,5. Suficiente,6. Bastante,3. Poco,4. Moderadamente,6. Bastante,6. Bastante,2. Muy poco,3. Poco,4. Moderadamente,4. Moderadamente,5. Suficiente,4. Moderadamente,5. Suficiente,4. Moderadamente,4. Moderadamente,Opción 1
2017/11/30 9:33:31,Lehen Hezkuntza,1,18,Emakumea,Español,4. Moderadamente,4. Moderadamente,6. Bastante,3. Poco,4. Moderadamente,6. Bastante,4. Moderadamente,3. Poco,4. Moderadamente,4. Moderadamente,4. Moderadamente,3. Poco,4. Moderadamente,6. Bastante,4. Moderadamente,2. Muy poco,
2017/11/30 9:35:53,Lehen Hezkuntza,1,18,Emakumea,Español,5. Suficiente,7. Muy de acuerdo,4. Moderadamente,4. Moderadamente,5. Suficiente,3. Poco,7. Muy de acuerdo,5. Suficiente,5. Suficiente,2. Muy poco,6. Bastante,4. Moderadamente,4. Moderadamente,2. Muy poco,4. Moderadamente,2. Muy poco,
2017/11/30 9:35:58,Lehen Hezkuntza,1,18,Emakumea,Español,5. Suficiente,6. Bastante,5. Suficiente,5. Suficiente,6. Bastante,6. Bastante,4. Moderadamente,5. Suficiente,4. Moderadamente,3. Poco,5. Suficiente,4. Moderadamente,6. Bastante,6. Bastante,6. Bastante,5. Suficiente,
2017/11/30 9:36:58,Lehen Hezkuntza,1,21,Emakumea,Español,5. Suficiente,3. Poco,5. Suficiente,3. Poco,4. Moderadamente,5. Suficiente,4. Moderadamente,3. Poco,5. Suficiente,4. Moderadamente,3. Poco,3. Poco,4. Moderadamente,5. Suficiente,4. Moderadamente,3. Poco,Opción 1
2017/11/30 9:37:27,Lehen Hezkuntza,1,18,Emakumea,Español,4. Moderadamente,4. Moderadamente,3. Poco,3. Poco,4. Moderadamente,4. Moderadamente,4. Moderadamente,3. Poco,4. Moderadamente,4. Moderadamente,3. Poco,3. Poco,4. Moderadamente,4. Moderadamente,4. Moderadamente,3. Poco,
2017/11/30 10:52:24,Lehen Hezkuntza,1,18,Emakumea,Español,7. Muy de acuerdo,7. Muy de acuerdo,7. Muy de acuerdo,2. Muy poco,4. Moderadamente,5. Suficiente,7. Muy de acuerdo,4. Moderadamente,5. Suficiente,7. Muy de acuerdo,5. Suficiente,2. Muy poco,2. Muy poco,4. Moderadamente,7. Muy de acuerdo,2. Muy poco,Opción 1
2017/11/30 11:13:59,Lehen Hezkuntza,1,18,Emakumea,Español,6. Bastante,5. Suficiente,6. Bastante,2. Muy poco,5. Suficiente,6. Bastante,5. Suficiente,1. No estoy de acuerdo en nada,5. Suficiente,5. Suficiente,1. No estoy de acuerdo en nada,1. No estoy de acuerdo en nada,5. Suficiente,6. Bastante,5. Suficiente,1. No estoy de acuerdo en nada,
2017/11/30 11:18:06,Lehen Hezkuntza,1,19,Emakumea,Español,4. Moderadamente,4. Moderadamente,6. Bastante,5. Suficiente,3. Poco,3. Poco,6. Bastante,4. Moderadamente,3. Poco,3. Poco,4. Moderadamente,6. Bastante,3. Poco,3. Poco,5. Suficiente,4. Moderadamente,
2017/11/30 11:20:18,Lehen Hezkuntza,1,22,Emakumea,Español,3. Poco,7. Muy de acuerdo,6. Bastante,4. Moderadamente,2. Muy poco,3. Poco,7. Muy de acuerdo,4. Moderadamente,1. No estoy de acuerdo en nada,4. Moderadamente,7. Muy de acuerdo,3. Poco,2. Muy poco,1. No estoy de acuerdo en nada,7. Muy de acuerdo,4. Moderadamente,
2017/11/30 11:21:44,Lehen Hezkuntza,1,18,Emakumea,Español,4. Moderadamente,4. Moderadamente,3. Poco,3. Poco,2. Muy poco,4. Moderadamente,5. Suficiente,4. Moderadamente,3. Poco,3. Poco,4. Moderadamente,4. Moderadamente,4. Moderadamente,4. Moderadamente,4. Moderadamente,4. Moderadamente,
2017/11/30 11:22:39,Lehen Hezkuntza,1,18,Emakumea,Euskara,5. Suficiente,4. Moderadamente,4. Moderadamente,1. No estoy de acuerdo en nada,5. Suficiente,4. Moderadamente,4. Moderadamente,1. No estoy de acuerdo en nada,4. Moderadamente,4. Moderadamente,4. Moderadamente,1. No estoy de acuerdo en nada,4. Moderadamente,4. Moderadamente,4. Moderadamente,1. No estoy de acuerdo en nada,Opción 1
2017/11/30 11:23:25,Lehen Hezkuntza,1,18,Emakumea,Español,4. Moderadamente,5. Suficiente,3. Poco,4. Moderadamente,4. Moderadamente,4. Moderadamente,6. Bastante,5. Suficiente,4. Moderadamente,3. Poco,5. Suficiente,6. Bastante,4. Moderadamente,3. Poco,6. Bastante,4. Moderadamente,
2017/11/30 11:23:30,Lehen Hezkuntza,1,19,Emakumea,Español,4. Moderadamente,6. Bastante,5. Suficiente,3. Poco,4. Moderadamente,6. Bastante,7. Muy de acuerdo,3. Poco,3. Poco,2. Muy poco,5. Suficiente,3. Poco,4. Moderadamente,5. Suficiente,6. Bastante,3. Poco,Opción 1
2017/11/30 11:23:31,Lehen Hezkuntza,1,18,Emakumea,Euskara,3. Poco,7. Muy de acuerdo,4. Moderadamente,5. Suficiente,3. Poco,3. Poco,7. Muy de acuerdo,7. Muy de acuerdo,1. No estoy de acuerdo en nada,1. No estoy de acuerdo en nada,7. Muy de acuerdo,7. Muy de acuerdo,1. No estoy de acuerdo en nada,1. No estoy de acuerdo en nada,4. Moderadamente,4. Moderadamente,
2017/11/30 11:24:08,Lehen Hezkuntza,1,19,Emakumea,Euskara,5. Suficiente,5. Suficiente,6. Bastante,5. Suficiente,4. Moderadamente,5. Suficiente,5. Suficiente,4. Moderadamente,4. Moderadamente,4. Moderadamente,5. Suficiente,4. Moderadamente,5. Suficiente,5. Suficiente,5. Suficiente,4. Moderadamente,Opción 1
2017/11/30 11:25:42,Lehen Hezkuntza,1,19,Emakumea,Español,5. Suficiente,5. Suficiente,5. Suficiente,6. Bastante,5. Suficiente,5. Suficiente,5. Suficiente,5. Suficiente,5. Suficiente,4. Moderadamente,4. Moderadamente,5. Suficiente,5. Suficiente,4. Moderadamente,5. Suficiente,4. Moderadamente,
2017/11/30 11:29:26,Lehen Hezkuntza,1,17,Emakumea,Euskara,5. Suficiente,6. Bastante,6. Bastante,3. Poco,4. Moderadamente,6. Bastante,6. Bastante,3. Poco,4. Moderadamente,3. Poco,5. Suficiente,5. Suficiente,5. Suficiente,6. Bastante,6. Bastante,3. Poco,Opción 1
2017/11/30 11:31:01,Lehen Hezkuntza,1,19,Emakumea,Euskara,4. Moderadamente,5. Suficiente,4. Moderadamente,4. Moderadamente,6. Bastante,5. Suficiente,6. Bastante,3. Poco,3. Poco,5. Suficiente,4. Moderadamente,6. Bastante,3. Poco,4. Moderadamente,6. Bastante,4. Moderadamente,Opción 1
2017/11/30 11:31:52,Lehen Hezkuntza,1,19,Emakumea,Español,5. Suficiente,4. Moderadamente,5. Suficiente,3. Poco,5. Suficiente,5. Suficiente,5. Suficiente,3. Poco,4. Moderadamente,4. Moderadamente,4. Moderadamente,2. Muy poco,4. Moderadamente,5. Suficiente,5. Suficiente,2. Muy poco,
2017/11/30 11:31:59,Lehen Hezkuntza,1,18,Emakumea,Español,4. Moderadamente,6. Bastante,5. Suficiente,2. Muy poco,4. Moderadamente,5. Suficiente,5. Suficiente,6. Bastante,5. Suficiente,3. Poco,6. Bastante,4. Moderadamente,5. Suficiente,5. Suficiente,3. Poco,4. Moderadamente,Opción 1
2017/11/30 11:32:12,Lehen Hezkuntza,1,18,Emakumea,Euskara,5. Suficiente,3. Poco,4. Moderadamente,2. Muy poco,4. Moderadamente,5. Suficiente,5. Suficiente,3. Poco,4. Moderadamente,3. Poco,3. Poco,3. Poco,6. Bastante,5. Suficiente,5. Suficiente,2. Muy poco,Opción 1
2017/11/30 11:33:44,Lehen Hezkuntza,1,19,Emakumea,Español,6. Bastante,4. Moderadamente,4. Moderadamente,1. No estoy de acuerdo en nada,6. Bastante,5. Suficiente,3. Poco,1. No estoy de acuerdo en nada,5. Suficiente,3. Poco,3. Poco,1. No estoy de acuerdo en nada,6. Bastante,6. Bastante,6. Bastante,1. No estoy de acuerdo en nada,Opción 1
2017/11/30 11:41:05,Lehen Hezkuntza,1,18,Emakumea,Español,6. Bastante,6. Bastante,6. Bastante,1. No estoy de acuerdo en nada,5. Suficiente,6. Bastante,5. Suficiente,2. Muy poco,5. Suficiente,4. Moderadamente,3. Poco,2. Muy poco,5. Suficiente,5. Suficiente,4. Moderadamente,4. Moderadamente,Opción 1
2017/11/30 11:47:10,Lehen Hezkuntza,1,17,Emakumea,Español,4. Moderadamente,5. Suficiente,7. Muy de acuerdo,4. Moderadamente,4. Moderadamente,4. Moderadamente,6. Bastante,4. Moderadamente,4. Moderadamente,4. Moderadamente,6. Bastante,4. Moderadamente,4. Moderadamente,6. Bastante,6. Bastante,4. Moderadamente,
2017/11/30 11:48:05,Lehen Hezkuntza,1,23,Emakumea,Español,4. Moderadamente,4. Moderadamente,5. Suficiente,2. Muy poco,3. Poco,3. Poco,5. Suficiente,4. Moderadamente,3. Poco,4. Moderadamente,2. Muy poco,2. Muy poco,4. Moderadamente,3. Poco,3. Poco,4. Moderadamente,
2017/11/30 11:59:12,Lehen Hezkuntza,1,18,Emakumea,Español,2. Muy poco,7. Muy de acuerdo,7. Muy de acuerdo,2. Muy poco,3. Poco,6. Bastante,7. Muy de acuerdo,2. Muy poco,3. Poco,3. Poco,6. Bastante,2. Muy poco,5. Suficiente,6. Bastante,7. Muy de acuerdo,1. No estoy de acuerdo en nada,
2017/11/30 12:01:01,Lehen Hezkuntza,1,18,Emakumea,Español,6. Bastante,6. Bastante,7. Muy de acuerdo,2. Muy poco,5. Suficiente,6. Bastante,6. Bastante,4. Moderadamente,5. Suficiente,3. Poco,7. Muy de acuerdo,2. Muy poco,4. Moderadamente,6. Bastante,6. Bastante,2. Muy poco,Opción 1
2017/11/30 12:02:04,Lehen Hezkuntza,1,18,Emakumea,Euskara,5. Suficiente,7. Muy de acuerdo,6. Bastante,2. Muy poco,7. Muy de acuerdo,5. Suficiente,6. Bastante,2. Muy poco,6. Bastante,3. Poco,5. Suficiente,2. Muy poco,5. Suficiente,4. Moderadamente,2. Muy poco,2. Muy poco,Opción 1
2017/11/30 16:05:48,Lehen Hezkuntza,1,18,Emakumea,Español,6. Bastante,4. Moderadamente,3. Poco,2. Muy poco,5. Suficiente,6. Bastante,4. Moderadamente,2. Muy poco,4. Moderadamente,1. No estoy de acuerdo en nada,4. Moderadamente,1. No estoy de acuerdo en nada,5. Suficiente,5. Suficiente,7. Muy de acuerdo,1. No estoy de acuerdo en nada,Opción 1
2017/11/30 23:45:17,Lehen Hezkuntza,1,18,Emakumea,Euskara,2. Muy poco,7. Muy de acuerdo,2. Muy poco,7. Muy de acuerdo,2. Muy poco,2. Muy poco,7. Muy de acuerdo,6. Bastante,4. Moderadamente,1. No estoy de acuerdo en nada,2. Muy poco,7. Muy de acuerdo,1. No estoy de acuerdo en nada,1. No estoy de acuerdo en nada,7. Muy de acuerdo,6. Bastante,
2017/12/1 8:50:19,Lehen Hezkuntza,1,18,Emakumea,Español,5. Suficiente,6. Bastante,6. Bastante,3. Poco,5. Suficiente,6. Bastante,4. Moderadamente,5. Suficiente,5. Suficiente,5. Suficiente,5. Suficiente,3. Poco,5. Suficiente,4. Moderadamente,5. Suficiente,2. Muy poco,Opción 1
2017/12/1 12:34:35,Lehen Hezkuntza,1,19,Emakumea,Euskara,6. Bastante,3. Poco,6. Bastante,3. Poco,5. Suficiente,5. Suficiente,3. Poco,3. Poco,5. Suficiente,6. Bastante,3. Poco,2. Muy poco,6. Bastante,6. Bastante,6. Bastante,3. Poco,Opción 1
2017/12/1 12:59:09,Lehen Hezkuntza,1,18,Emakumea,Español,1. No estoy de acuerdo en nada,7. Muy de acuerdo,3. Poco,4. Moderadamente,1. No estoy de acuerdo en nada,2. Muy poco,7. Muy de acuerdo,7. Muy de acuerdo,1. No estoy de acuerdo en nada,1. No estoy de acuerdo en nada,7. Muy de acuerdo,6. Bastante,2. Muy poco,2. Muy poco,4. Moderadamente,4. Moderadamente,Opción 1
2017/12/1 13:07:56,Lehen Hezkuntza,1,18,Emakumea,Español,6. Bastante,3. Poco,4. Moderadamente,2. Muy poco,5. Suficiente,4. Moderadamente,3. Poco,3. Poco,5. Suficiente,7. Muy de acuerdo,3. Poco,3. Poco,4. Moderadamente,5. Suficiente,3. Poco,3. Poco,
2017/12/1 13:14:32,Lehen Hezkuntza,1,19,Emakumea,Español,7. Muy de acuerdo,6. Bastante,6. Bastante,2. Muy poco,6. Bastante,7. Muy de acuerdo,3. Poco,1. No estoy de acuerdo en nada,5. Suficiente,6. Bastante,1. No estoy de acuerdo en nada,1. No estoy de acuerdo en nada,6. Bastante,6. Bastante,6. Bastante,1. No estoy de acuerdo en nada,
2017/12/1 13:20:42,Lehen Hezkuntza,1,18,Emakumea,Español,2. Muy poco,7. Muy de acuerdo,5. Suficiente,6. Bastante,4. Moderadamente,4. Moderadamente,6. Bastante,5. Suficiente,3. Poco,2. Muy poco,6. Bastante,6. Bastante,2. Muy poco,2. Muy poco,6. Bastante,6. Bastante,
2017/12/1 13:34:48,Lehen Hezkuntza,1,18,Emakumea,Euskara,6. Bastante,1. No estoy de acuerdo en nada,6. Bastante,1. No estoy de acuerdo en nada,5. Suficiente,7. Muy de acuerdo,1. No estoy de acuerdo en nada,1. No estoy de acuerdo en nada,4. Moderadamente,7. Muy de acuerdo,1. No estoy de acuerdo en nada,1. No estoy de acuerdo en nada,6. Bastante,7. Muy de acuerdo,1. No estoy de acuerdo en nada,2. Muy poco,
2017/12/1 13:34:50,Lehen Hezkuntza,1,24,Emakumea,Español,7. Muy de acuerdo,1. No estoy de acuerdo en nada,6. Bastante,1. No estoy de acuerdo en nada,5. Suficiente,7. Muy de acuerdo,1. No estoy de acuerdo en nada,1. No estoy de acuerdo en nada,4. Moderadamente,7. Muy de acuerdo,1. No estoy de acuerdo en nada,1. No estoy de acuerdo en nada,6. Bastante,7. Muy de acuerdo,1. No estoy de acuerdo en nada,2. Muy poco,
2017/12/1 13:39:14,Lehen Hezkuntza,1,18,Emakumea,Euskara,3. Poco,6. Bastante,4. Moderadamente,6. Bastante,3. Poco,4. Moderadamente,6. Bastante,6. Bastante,3. Poco,2. Muy poco,6. Bastante,6. Bastante,3. Poco,4. Moderadamente,6. Bastante,6. Bastante,Opción 1
2017/12/1 16:54:08,Lehen Hezkuntza,1,18,Emakumea,Euskara,5. Suficiente,5. Suficiente,5. Suficiente,5. Suficiente,6. Bastante,5. Suficiente,5. Suficiente,4. Moderadamente,2. Muy poco,6. Bastante,3. Poco,4. Moderadamente,5. Suficiente,5. Suficiente,5. Suficiente,4. Moderadamente,Opción 1
2017/12/1 17:02:33,Lehen Hezkuntza,1,18,Emakumea,Español,5. Suficiente,4. Moderadamente,5. Suficiente,3. Poco,5. Suficiente,5. Suficiente,5. Suficiente,4. Moderadamente,3. Poco,5. Suficiente,3. Poco,4. Moderadamente,4. Moderadamente,5. Suficiente,5. Suficiente,3. Poco,Opción 1
2017/12/1 18:37:01,Lehen Hezkuntza,1,17,Emakumea,Euskara,7. Muy de acuerdo,4. Moderadamente,7. Muy de acuerdo,1. No estoy de acuerdo en nada,6. Bastante,6. Bastante,2. Muy poco,2. Muy poco,6. Bastante,3. Poco,2. Muy poco,2. Muy poco,5. Suficiente,5. Suficiente,6. Bastante,1. No estoy de acuerdo en nada,
2017/12/1 23:44:55,Lehen Hezkuntza,1,18,Emakumea,Euskara,5. Suficiente,5. Suficiente,4. Moderadamente,2. Muy poco,4. Moderadamente,4. Moderadamente,7. Muy de acuerdo,3. Poco,4. Moderadamente,1. No estoy de acuerdo en nada,5. Suficiente,3. Poco,4. Moderadamente,4. Moderadamente,6. Bastante,3. Poco,Opción 1
2017/12/1 23:48:01,Lehen Hezkuntza,1,18,Emakumea,Euskara,5. Suficiente,6. Bastante,5. Suficiente,2. Muy poco,4. Moderadamente,4. Moderadamente,7. Muy de acuerdo,3. Poco,3. Poco,2. Muy poco,6. Bastante,3. Poco,6. Bastante,4. Moderadamente,6. Bastante,3. Poco,
2017/12/2 11:18:06,Lehen Hezkuntza,1,18,Emakumea,Euskara,3. Poco,4. Moderadamente,3. Poco,6. Bastante,2. Muy poco,2. Muy poco,5. Suficiente,6. Bastante,3. Poco,2. Muy poco,6. Bastante,6. Bastante,2. Muy poco,2. Muy poco,3. Poco,5. Suficiente,
2017/12/2 12:03:43,Lehen Hezkuntza,1,18,Emakumea,Español,5. Suficiente,6. Bastante,6. Bastante,3. Poco,3. Poco,6. Bastante,6. Bastante,3. Poco,3. Poco,2. Muy poco,6. Bastante,2. Muy poco,5. Suficiente,6. Bastante,6. Bastante,2. Muy poco,
2017/12/2 13:49:17,Lehen Hezkuntza,1,18,Emakumea,Euskara,3. Poco,7. Muy de acuerdo,2. Muy poco,7. Muy de acuerdo,1. No estoy de acuerdo en nada,2. Muy poco,7. Muy de acuerdo,7. Muy de acuerdo,1. No estoy de acuerdo en nada,1. No estoy de acuerdo en nada,6. Bastante,7. Muy de acuerdo,2. Muy poco,4. Moderadamente,6. Bastante,7. Muy de acuerdo,
2017/12/3 13:32:33,Lehen Hezkuntza,1,18,Emakumea,Español,6. Bastante,4. Moderadamente,5. Suficiente,2. Muy poco,4. Moderadamente,4. Moderadamente,5. Suficiente,3. Poco,4. Moderadamente,3. Poco,3. Poco,3. Poco,4. Moderadamente,4. Moderadamente,5. Suficiente,3. Poco,
2017/12/3 17:29:45,Lehen Hezkuntza,1,20,Emakumea,Euskara,1. No estoy de acuerdo en nada,6. Bastante,3. Poco,7. Muy de acuerdo,1. No estoy de acuerdo en nada,1. No estoy de acuerdo en nada,6. Bastante,6. Bastante,1. No estoy de acuerdo en nada,1. No estoy de acuerdo en nada,7. Muy de acuerdo,7. Muy de acuerdo,1. No estoy de acuerdo en nada,1. No estoy de acuerdo en nada,2. Muy poco,5. Suficiente,
2017/12/4 13:03:48,Lehen Hezkuntza,1,18,Emakumea,Euskara,4. Moderadamente,6. Bastante,5. Suficiente,2. Muy poco,3. Poco,4. Moderadamente,7. Muy de acuerdo,5. Suficiente,3. Poco,2. Muy poco,6. Bastante,4. Moderadamente,5. Suficiente,3. Poco,5. Suficiente,1. No estoy de acuerdo en nada,
2017/12/4 13:05:32,Lehen Hezkuntza,1,17,Emakumea,Español,6. Bastante,4. Moderadamente,4. Moderadamente,5. Suficiente,6. Bastante,5. Suficiente,5. Suficiente,2. Muy poco,5. Suficiente,6. Bastante,2. Muy poco,2. Muy poco,5. Suficiente,5. Suficiente,4. Moderadamente,2. Muy poco,
2017/12/4 13:10:51,Lehen Hezkuntza,1,18,Emakumea,Español,5. Suficiente,6. Bastante,4. Moderadamente,5. Suficiente,4. Moderadamente,4. Moderadamente,7. Muy de acuerdo,5. Suficiente,3. Poco,3. Poco,7. Muy de acuerdo,4. Moderadamente,4. Moderadamente,3. Poco,7. Muy de acuerdo,1. No estoy de acuerdo en nada,
2017/12/4 13:12:32,Lehen Hezkuntza,1,25,Emakumea,Euskara,1. No estoy de acuerdo en nada,1. No estoy de acuerdo en nada,3. Poco,1. No estoy de acuerdo en nada,1. No estoy de acuerdo en nada,3. Poco,3. Poco,3. Poco,3. Poco,3. Poco,3. Poco,3. Poco,2. Muy poco,3. Poco,3. Poco,3. Poco,Opción 1
2017/12/4 13:17:03,Lehen Hezkuntza,1,18,Emakumea,Español,4. Moderadamente,3. Poco,3. Poco,2. Muy poco,4. Moderadamente,4. Moderadamente,6. Bastante,4. Moderadamente,2. Muy poco,2. Muy poco,5. Suficiente,4. Moderadamente,4. Moderadamente,4. Moderadamente,5. Suficiente,4. Moderadamente,
2017/12/4 13:19:04,Lehen Hezkuntza,1,18,Emakumea,Español,5. Suficiente,7. Muy de acuerdo,4. Moderadamente,3. Poco,4. Moderadamente,6. Bastante,6. Bastante,3. Poco,4. Moderadamente,3. Poco,6. Bastante,2. Muy poco,4. Moderadamente,6. Bastante,6. Bastante,2. Muy poco,Opción 1
2017/12/4 14:05:34,Lehen Hezkuntza,1,18,Emakumea,Euskara,1. No estoy de acuerdo en nada,6. Bastante,4. Moderadamente,3. Poco,4. Moderadamente,5. Suficiente,5. Suficiente,2. Muy poco,2. Muy poco,3. Poco,3. Poco,1. No estoy de acuerdo en nada,5. Suficiente,5. Suficiente,4. Moderadamente,3. Poco,
2017/12/4 14:11:31,Lehen Hezkuntza,1,21,Emakumea,Español,7. Muy de acuerdo,1. No estoy de acuerdo en nada,5. Suficiente,1. No estoy de acuerdo en nada,7. Muy de acuerdo,6. Bastante,4. Moderadamente,1. No estoy de acuerdo en nada,4. Moderadamente,7. Muy de acuerdo,1. No estoy de acuerdo en nada,1. No estoy de acuerdo en nada,6. Bastante,7. Muy de acuerdo,3. Poco,1. No estoy de acuerdo en nada,Opción 1
2017/12/4 14:13:18,Lehen Hezkuntza,1,18,Emakumea,Español,6. Bastante,2. Muy poco,7. Muy de acuerdo,1. No estoy de acuerdo en nada,5. Suficiente,7. Muy de acuerdo,3. Poco,2. Muy poco,4. Moderadamente,7. Muy de acuerdo,2. Muy poco,2. Muy poco,6. Bastante,6. Bastante,6. Bastante,1. No estoy de acuerdo en nada,Opción 1
2017/12/4 14:24:47,Lehen Hezkuntza,1,21,Emakumea,Español,5. Suficiente,7. Muy de acuerdo,7. Muy de acuerdo,1. No estoy de acuerdo en nada,5. Suficiente,6. Bastante,7. Muy de acuerdo,1. No estoy de acuerdo en nada,5. Suficiente,5. Suficiente,7. Muy de acuerdo,1. No estoy de acuerdo en nada,5. Suficiente,6. Bastante,7. Muy de acuerdo,1. No estoy de acuerdo en nada,Opción 1
2017/12/4 16:03:45,Lehen Hezkuntza,1,18,Emakumea,Español,1. No estoy de acuerdo en nada,7. Muy de acuerdo,3. Poco,2. Muy poco,2. Muy poco,3. Poco,6. Bastante,3. Poco,2. Muy poco,1. No estoy de acuerdo en nada,7. Muy de acuerdo,4. Moderadamente,2. Muy poco,2. Muy poco,6. Bastante,1. No estoy de acuerdo en nada,
2017/12/4 17:26:05,Lehen Hezkuntza,1,18,Emakumea,Español,4. Moderadamente,5. Suficiente,6. Bastante,4. Moderadamente,3. Poco,4. Moderadamente,6. Bastante,4. Moderadamente,3. Poco,1. No estoy de acuerdo en nada,7. Muy de acuerdo,5. Suficiente,3. Poco,3. Poco,6. Bastante,4. Moderadamente,
2017/12/4 18:40:38,Lehen Hezkuntza,1,21,Emakumea,Euskara,6. Bastante,5. Suficiente,6. Bastante,6. Bastante,6. Bastante,5. Suficiente,7. Muy de acuerdo,3. Poco,6. Bastante,6. Bastante,6. Bastante,3. Poco,6. Bastante,5. Suficiente,7. Muy de acuerdo,3. Poco,Opción 1
2017/12/4 19:50:56,Lehen Hezkuntza,1,19,Emakumea,Español,4. Moderadamente,6. Bastante,4. Moderadamente,4. Moderadamente,2. Muy poco,2. Muy poco,5. Suficiente,4. Moderadamente,2. Muy poco,7. Muy de acuerdo,4. Moderadamente,6. Bastante,2. Muy poco,2. Muy poco,7. Muy de acuerdo,4. Moderadamente,Opción 1
2017/12/4 21:12:02,Lehen Hezkuntza,1,18,Emakumea,Español,6. Bastante,5. Suficiente,6. Bastante,4. Moderadamente,6. Bastante,6. Bastante,6. Bastante,4. Moderadamente,4. Moderadamente,4. Moderadamente,5. Suficiente,3. Poco,4. Moderadamente,5. Suficiente,6. Bastante,4. Moderadamente,Opción 1
2017/12/5 11:45:47,Lehen Hezkuntza,1,19,Emakumea,Español,5. Suficiente,6. Bastante,6. Bastante,3. Poco,6. Bastante,6. Bastante,3. Poco,3. Poco,6. Bastante,6. Bastante,3. Poco,3. Poco,6. Bastante,6. Bastante,3. Poco,4. Moderadamente,Opción 1
2017/12/7 12:32:00,Lehen Hezkuntza,1,19,Emakumea,Español,4. Moderadamente,6. Bastante,4. Moderadamente,2. Muy poco,5. Suficiente,6. Bastante,4. Moderadamente,3. Poco,5. Suficiente,1. No estoy de acuerdo en nada,2. Muy poco,1. No estoy de acuerdo en nada,5. Suficiente,5. Suficiente,5. Suficiente,1. No estoy de acuerdo en nada,Opción 1
2017/12/7 12:34:40,Lehen Hezkuntza,1,19,Emakumea,Español,4. Moderadamente,6. Bastante,6. Bastante,5. Suficiente,4. Moderadamente,4. Moderadamente,6. Bastante,3. Poco,4. Moderadamente,3. Poco,5. Suficiente,4. Moderadamente,4. Moderadamente,3. Poco,6. Bastante,4. Moderadamente,
2017/12/7 19:06:36,Lehen Hezkuntza,1,19,Emakumea,Español,4. Moderadamente,7. Muy de acuerdo,5. Suficiente,4. Moderadamente,3. Poco,4. Moderadamente,7. Muy de acuerdo,4. Moderadamente,3. Poco,2. Muy poco,6. Bastante,7. Muy de acuerdo,3. Poco,3. Poco,2. Muy poco,4. Moderadamente,Opción 1
2017/12/8 11:37:20,Lehen Hezkuntza,1,19,Emakumea,Español,6. Bastante,4. Moderadamente,6. Bastante,3. Poco,3. Poco,4. Moderadamente,5. Suficiente,3. Poco,4. Moderadamente,1. No estoy de acuerdo en nada,6. Bastante,4. Moderadamente,3. Poco,5. Suficiente,5. Suficiente,3. Poco,
2017/12/11 13:44:32,Lehen Hezkuntza,1,18,Emakumea,Euskara,3. Poco,7. Muy de acuerdo,3. Poco,5. Suficiente,1. No estoy de acuerdo en nada,2. Muy poco,7. Muy de acuerdo,5. Suficiente,1. No estoy de acuerdo en nada,1. No estoy de acuerdo en nada,6. Bastante,5. Suficiente,1. No estoy de acuerdo en nada,2. Muy poco,6. Bastante,7. Muy de acuerdo,
2017/12/12 11:33:23,Haur Hezkuntza,4,25,Emakumea,Español,5. Suficiente,5. Suficiente,4. Moderadamente,5. Suficiente,4. Moderadamente,4. Moderadamente,5. Suficiente,3. Poco,4. Moderadamente,5. Suficiente,3. Poco,4. Moderadamente,4. Moderadamente,4. Moderadamente,5. Suficiente,3. Poco,
2017/12/12 11:37:09,Haur Hezkuntza,4,24,Emakumea,Español,6. Bastante,7. Muy de acuerdo,5. Suficiente,3. Poco,3. Poco,4. Moderadamente,6. Bastante,5. Suficiente,4. Moderadamente,1. No estoy de acuerdo en nada,7. Muy de acuerdo,4. Moderadamente,4. Moderadamente,4. Moderadamente,7. Muy de acuerdo,3. Poco,
2017/12/12 11:37:57,Haur Hezkuntza,4,26,Emakumea,Euskara,5. Suficiente,7. Muy de acuerdo,7. Muy de acuerdo,5. Suficiente,3. Poco,4. Moderadamente,7. Muy de acuerdo,6. Bastante,2. Muy poco,1. No estoy de acuerdo en nada,7. Muy de acuerdo,4. Moderadamente,1. No estoy de acuerdo en nada,4. Moderadamente,6. Bastante,2. Muy poco,
2017/12/12 11:37:58,Haur Hezkuntza,4,22,Emakumea,Español,6. Bastante,7. Muy de acuerdo,5. Suficiente,4. Moderadamente,3. Poco,4. Moderadamente,6. Bastante,6. Bastante,3. Poco,1. No estoy de acuerdo en nada,6. Bastante,4. Moderadamente,3. Poco,4. Moderadamente,6. Bastante,3. Poco,
2017/12/12 11:39:47,Haur Hezkuntza,4,21,Emakumea,Español,4. Moderadamente,6. Bastante,7. Muy de acuerdo,1. No estoy de acuerdo en nada,4. Moderadamente,7. Muy de acuerdo,7. Muy de acuerdo,2. Muy poco,3. Poco,4. Moderadamente,3. Poco,2. Muy poco,4. Moderadamente,7. Muy de acuerdo,7. Muy de acuerdo,1. No estoy de acuerdo en nada,
2017/12/12 11:46:54,Haur Hezkuntza,4,24,Emakumea,Español,6. Bastante,7. Muy de acuerdo,5. Suficiente,4. Moderadamente,3. Poco,4. Moderadamente,6. Bastante,5. Suficiente,3. Poco,1. No estoy de acuerdo en nada,7. Muy de acuerdo,4. Moderadamente,4. Moderadamente,4. Moderadamente,7. Muy de acuerdo,3. Poco,
2017/12/12 11:47:52,Haur Hezkuntza,4,20,Emakumea,Español,4. Moderadamente,6. Bastante,6. Bastante,2. Muy poco,3. Poco,6. Bastante,5. Suficiente,3. Poco,3. Poco,3. Poco,4. Moderadamente,3. Poco,3. Poco,6. Bastante,6. Bastante,3. Poco,
2017/12/12 21:44:19,Haur Hezkuntza,4,20,Emakumea,Euskara,6. Bastante,6. Bastante,6. Bastante,1. No estoy de acuerdo en nada,3. Poco,4. Moderadamente,7. Muy de acuerdo,4. Moderadamente,1. No estoy de acuerdo en nada,7. Muy de acuerdo,4. Moderadamente,2. Muy poco,3. Poco,3. Poco,6. Bastante,1. No estoy de acuerdo en nada,
2017/12/14 8:59:49,Haur Hezkuntza,4,19,Gizona,Euskara,5. Suficiente,6. Bastante,4. Moderadamente,5. Suficiente,5. Suficiente,6. Bastante,4. Moderadamente,6. Bastante,4. Moderadamente,6. Bastante,5. Suficiente,7. Muy de acuerdo,4. Moderadamente,6. Bastante,6. Bastante,7. Muy de acuerdo,
2017/12/14 13:13:41,Haur Hezkuntza,4,21,Emakumea,Español,4. Moderadamente,6. Bastante,6. Bastante,2. Muy poco,4. Moderadamente,5. Suficiente,5. Suficiente,5. Suficiente,4. Moderadamente,7. Muy de acuerdo,1. No estoy de acuerdo en nada,2. Muy poco,4. Moderadamente,5. Suficiente,3. Poco,4. Moderadamente,
2017/12/14 20:02:20,Haur Hezkuntza,4,21,Emakumea,Euskara,6. Bastante,4. Moderadamente,5. Suficiente,1. No estoy de acuerdo en nada,6. Bastante,6. Bastante,5. Suficiente,2. Muy poco,5. Suficiente,7. Muy de acuerdo,1. No estoy de acuerdo en nada,2. Muy poco,5. Suficiente,6. Bastante,6. Bastante,1. No estoy de acuerdo en nada,
2017/12/17 16:34:54,Haur Hezkuntza,4,31,Emakumea,Euskara,7. Muy de acuerdo,1. No estoy de acuerdo en nada,6. Bastante,1. No estoy de acuerdo en nada,6. Bastante,6. Bastante,3. Poco,1. No estoy de acuerdo en nada,5. Suficiente,6. Bastante,2. Muy poco,1. No estoy de acuerdo en nada,7. Muy de acuerdo,7. Muy de acuerdo,3. Poco,1. No estoy de acuerdo en nada,
2017/12/17 19:16:39,Haur Hezkuntza,4,22,Emakumea,Español,4. Moderadamente,2. Muy poco,4. Moderadamente,1. No estoy de acuerdo en nada,3. Poco,6. Bastante,2. Muy poco,1. No estoy de acuerdo en nada,3. Poco,5. Suficiente,3. Poco,1. No estoy de acuerdo en nada,5. Suficiente,6. Bastante,4. Moderadamente,1. No estoy de acuerdo en nada,
2017/12/18 9:22:05,Haur Hezkuntza,4,21,Emakumea,Español,5. Suficiente,3. Poco,6. Bastante,2. Muy poco,5. Suficiente,6. Bastante,3. Poco,2. Muy poco,4. Moderadamente,6. Bastante,4. Moderadamente,1. No estoy de acuerdo en nada,6. Bastante,7. Muy de acuerdo,4. Moderadamente,2. Muy poco,
2017/12/18 9:22:35,Haur Hezkuntza,4,21,Emakumea,Español,7. Muy de acuerdo,3. Poco,6. Bastante,1. No estoy de acuerdo en nada,4. Moderadamente,6. Bastante,4. Moderadamente,2. Muy poco,3. Poco,5. Suficiente,1. No estoy de acuerdo en nada,1. No estoy de acuerdo en nada,4. Moderadamente,6. Bastante,3. Poco,1. No estoy de acuerdo en nada,
2017/12/18 9:34:54,Haur Hezkuntza,4,22,Emakumea,Español,6. Bastante,5. Suficiente,6. Bastante,1. No estoy de acuerdo en nada,6. Bastante,6. Bastante,4. Moderadamente,1. No estoy de acuerdo en nada,4. Moderadamente,7. Muy de acuerdo,1. No estoy de acuerdo en nada,1. No estoy de acuerdo en nada,5. Suficiente,5. Suficiente,4. Moderadamente,3. Poco,
2017/12/18 9:57:40,Haur Hezkuntza,4,21,Emakumea,Español,4. Moderadamente,6. Bastante,5. Suficiente,4. Moderadamente,3. Poco,4. Moderadamente,6. Bastante,5. Suficiente,3. Poco,1. No estoy de acuerdo en nada,7. Muy de acuerdo,6. Bastante,2. Muy poco,3. Poco,6. Bastante,5. Suficiente,
2017/12/18 9:57:44,Haur Hezkuntza,4,21,Emakumea,Euskara,4. Moderadamente,6. Bastante,3. Poco,6. Bastante,2. Muy poco,3. Poco,6. Bastante,4. Moderadamente,2. Muy poco,5. Suficiente,3. Poco,3. Poco,3. Poco,3. Poco,6. Bastante,3. Poco,
2017/12/18 9:58:55,Haur Hezkuntza,4,21,Emakumea,Euskara,1. No estoy de acuerdo en nada,7. Muy de acuerdo,3. Poco,7. Muy de acuerdo,1. No estoy de acuerdo en nada,1. No estoy de acuerdo en nada,7. Muy de acuerdo,6. Bastante,1. No estoy de acuerdo en nada,1. No estoy de acuerdo en nada,6. Bastante,7. Muy de acuerdo,1. No estoy de acuerdo en nada,1. No estoy de acuerdo en nada,7. Muy de acuerdo,6. Bastante,
2017/12/18 10:02:18,Haur Hezkuntza,4,21,Emakumea,Español,4. Moderadamente,4. Moderadamente,4. Moderadamente,4. Moderadamente,4. Moderadamente,4. Moderadamente,4. Moderadamente,4. Moderadamente,4. Moderadamente,4. Moderadamente,4. Moderadamente,4. Moderadamente,4. Moderadamente,4. Moderadamente,4. Moderadamente,4. Moderadamente,
2017/12/18 16:04:57,Haur Hezkuntza,4,21,Emakumea,Español,4. Moderadamente,3. Poco,4. Moderadamente,3. Poco,4. Moderadamente,5. Suficiente,4. Moderadamente,3. Poco,4. Moderadamente,7. Muy de acuerdo,3. Poco,3. Poco,4. Moderadamente,5. Suficiente,4. Moderadamente,3. Poco,
2017/12/19 9:02:15,Haur Hezkuntza,4,23,Gizona,Español,5. Suficiente,3. Poco,6. Bastante,2. Muy poco,5. Suficiente,6. Bastante,2. Muy poco,3. Poco,5. Suficiente,7. Muy de acuerdo,1. No estoy de acuerdo en nada,1. No estoy de acuerdo en nada,6. Bastante,6. Bastante,4. Moderadamente,2. Muy poco,
2017/12/19 17:21:16,Haur Hezkuntza,4,21,Emakumea,Español,2. Muy poco,4. Moderadamente,2. Muy poco,4. Moderadamente,2. Muy poco,2. Muy poco,7. Muy de acuerdo,4. Moderadamente,2. Muy poco,3. Poco,7. Muy de acuerdo,6. Bastante,3. Poco,2. Muy poco,7. Muy de acuerdo,3. Poco,
2017/12/19 20:00:09,Haur Hezkuntza,4,21,Emakumea,Español,5. Suficiente,5. Suficiente,6. Bastante,6. Bastante,5. Suficiente,6. Bastante,6. Bastante,3. Poco,6. Bastante,3. Poco,4. Moderadamente,4. Moderadamente,6. Bastante,6. Bastante,6. Bastante,1. No estoy de acuerdo en nada,
2017/12/19 23:04:08,Haur Hezkuntza,4,21,Emakumea,Español,4. Moderadamente,4. Moderadamente,4. Moderadamente,4. Moderadamente,4. Moderadamente,4. Moderadamente,4. Moderadamente,4. Moderadamente,4. Moderadamente,4. Moderadamente,4. Moderadamente,4. Moderadamente,4. Moderadamente,4. Moderadamente,4. Moderadamente,4. Moderadamente,
2017/12/20 17:31:04,Haur Hezkuntza,4,22,Emakumea,Español,6. Bastante,5. Suficiente,6. Bastante,3. Poco,5. Suficiente,6. Bastante,6. Bastante,3. Poco,4. Moderadamente,5. Suficiente,3. Poco,3. Poco,5. Suficiente,6. Bastante,6. Bastante,5. Suficiente,
2017/12/22 11:13:41,Haur Hezkuntza,4,24,Emakumea,Español,6. Bastante,4. Moderadamente,7. Muy de acuerdo,1. No estoy de acuerdo en nada,6. Bastante,6. Bastante,3. Poco,2. Muy poco,6. Bastante,6. Bastante,6. Bastante,2. Muy poco,6. Bastante,6. Bastante,6. Bastante,1. No estoy de acuerdo en nada,
2017/12/23 14:39:19,Haur Hezkuntza,4,26,Emakumea,Euskara,4. Moderadamente,5. Suficiente,6. Bastante,4. Moderadamente,2. Muy poco,6. Bastante,5. Suficiente,4. Moderadamente,1. No estoy de acuerdo en nada,5. Suficiente,3. Poco,3. Poco,3. Poco,5. Suficiente,5. Suficiente,3. Poco,
2018/1/5 11:46:34,Haur Hezkuntza,4,24,Emakumea,Euskara,6. Bastante,4. Moderadamente,5. Suficiente,3. Poco,5. Suficiente,7. Muy de acuerdo,4. Moderadamente,4. Moderadamente,5. Suficiente,7. Muy de acuerdo,3. Poco,3. Poco,5. Suficiente,6. Bastante,4. Moderadamente,3. Poco,
2018/6/13 2:03:32,Ikus-entzunezko komunikazioa,1,18,Gizona,Español,6. Bastante,1. No estoy de acuerdo en nada,7. Muy de acuerdo,2. Muy poco,5. Suficiente,7. Muy de acuerdo,4. Moderadamente,2. Muy poco,5. Suficiente,7. Muy de acuerdo,1. No estoy de acuerdo en nada,1. No estoy de acuerdo en nada,7. Muy de acuerdo,6. Bastante,4. Moderadamente,1. No estoy de acuerdo en nada,
2018/6/13 9:54:14,Publizitate eta Harreman Publikoak,1,19,Gizona,Euskara,5. Suficiente,1. No estoy de acuerdo en nada,2. Muy poco,1. No estoy de acuerdo en nada,5. Suficiente,6. Bastante,1. No estoy de acuerdo en nada,2. Muy poco,3. Poco,7. Muy de acuerdo,1. No estoy de acuerdo en nada,1. No estoy de acuerdo en nada,6. Bastante,4. Moderadamente,1. No estoy de acuerdo en nada,4. Moderadamente,
2018/6/13 14:45:21,Kazetaritza,1,19,Gizona,Español,6. Bastante,4. Moderadamente,6. Bastante,2. Muy poco,7. Muy de acuerdo,6. Bastante,4. Moderadamente,2. Muy poco,6. Bastante,6. Bastante,3. Poco,2. Muy poco,6. Bastante,7. Muy de acuerdo,4. Moderadamente,1. No estoy de acuerdo en nada,
2018/6/13 19:35:01,Kazetaritza,1,18,Emakumea,Euskara,5. Suficiente,5. Suficiente,4. Moderadamente,4. Moderadamente,3. Poco,4. Moderadamente,5. Suficiente,4. Moderadamente,5. Suficiente,3. Poco,4. Moderadamente,4. Moderadamente,5. Suficiente,5. Suficiente,3. Poco,4. Moderadamente,
2018/6/14 11:10:28,Publizitate eta Harreman Publikoak,1,18,Emakumea,Español,6. Bastante,1. No estoy de acuerdo en nada,7. Muy de acuerdo,2. Muy poco,6. Bastante,6. Bastante,1. No estoy de acuerdo en nada,2. Muy poco,6. Bastante,7. Muy de acuerdo,1. No estoy de acuerdo en nada,1. No estoy de acuerdo en nada,6. Bastante,5. Suficiente,1. No estoy de acuerdo en nada,2. Muy poco,
2018/6/14 12:28:19,Kazetaritza,1,19,Emakumea,Español,5. Suficiente,3. Poco,6. Bastante,2. Muy poco,6. Bastante,6. Bastante,3. Poco,3. Poco,6. Bastante,7. Muy de acuerdo,1. No estoy de acuerdo en nada,1. No estoy de acuerdo en nada,5. Suficiente,6. Bastante,4. Moderadamente,2. Muy poco,
2018/6/14 18:20:25,Kazetaritza,1,18,Gizona,Euskara,3. Poco,2. Muy poco,6. Bastante,4. Moderadamente,3. Poco,4. Moderadamente,4. Moderadamente,4. Moderadamente,3. Poco,7. Muy de acuerdo,3. Poco,3. Poco,3. Poco,4. Moderadamente,3. Poco,3. Poco,
