Marca temporal,Nombre de la titulación,Curso,Edad,Género,Lengua materna,1. Tengo fama de decir lo que pienso claramente y sin rodeos,"2. Estoy seguro/a de lo que es bueno y lo que es malo, lo que está bien y lo que está mal",3. Muchas veces actúo sin mirar las consecuencias,4. Normalmente trato de resolver los problemas metódicamente y paso a paso,5. Creo que los formalismos coartan y limitan la actuación libre de las personas,6. Me interesa saber cuáles son los sistemas de valores de los demás y con qué criterios actúan,7. Pienso que el actuar intuitivamente puede ser siempre tan válido como actuar reflexivamente,8. Creo que lo más importante es que las cosas funcionen,9. Procuro estar al tanto de lo que ocurre aquí y ahora,10. Disfruto cuando tengo tiempo para preparar mi trabajo y realizarlo a conciencia,"11. Estoy a gusto siguiendo un orden, en las comidas, en el estudio, haciendo ejercicio regularmente",12. Cuando escucho una nueva idea enseguida comienzo a pensar cómo ponerla en práctica,13. Prefiero las ideas originales y novedosas aunque no sean prácticas,14. Admito y me ajusto a las normas sólo si me sirven para lograr mis objetivos,"15. Normalmente encajo bien con personas reflexivas, y me cuesta sintonizar con personas demasiado espontáneas, imprevisibles",16. Escucho con más frecuencia que hablo,17. Prefiero las cosas estructuradas a las desordenadas,"18. Cuando poseo cualquier información, trato de interpretarla bien antes de manifestar alguna conclusión",19. Antes de hacer algo estudio con cuidado sus ventajas e inconvenientes,20. Me crezco con el reto de hacer algo nuevo y diferente,21. Casi siempre procuro ser coherente con mis criterios y sistemas de valores. Tengo principios y los sigo,22. Cuando hay una discusión no me gusta ir con rodeos,23. Me disgusta implicarme afectivamente en mi ambiente de trabajo. Prefiero mantener relaciones distantes,24. Me gustan más las personas realistas y concretas que las teóricas,"25. Me cuesta ser creativo/a, romper estructuras",26. Me siento a gusto con personas espontáneas y divertidas,27. La mayoría de las veces expreso abiertamente cómo me siento,28. Me gusta analizar y dar vueltas a las cosas,29. Me molesta que la gente no se tome en serio las cosas,30. Me atrae experimentar y practicar las últimas técnicas y novedades,31. Soy cauteloso/a a la hora de sacar conclusiones,"32. Prefiero contar con el mayor número de fuentes de información. Cuantos más datos reúna para reflexionar, mejor",33. Tiendo a ser perfeccionista,34. Prefiero oír las opiniones de los demás antes de exponer la mía,35. Me gusta afrontar la vida espontáneamente y no tener que planificar todo previamente,36. En las discusiones me gusta observar cómo actúan los demás participantes,37. Me siento incómodo/a con las personas calladas y demasiado analíticas,38. Juzgo con frecuencia las ideas de los demás por su valor prácticos,39. Me agobio si me obligan a acelerar mucho el trabajo para cumplir un plazo,40. En las reuniones apoyo las ideas prácticas y realistas,41. Es mejor gozar del momento presente que deleitarse pensando en el pasado o en el futuro,42. Me molestan las personas que siempre desean apresurar las cosas,43. Aporto ideas nuevas y espontáneas en los grupos de discusión,44. Pienso que son más consistentes las decisiones fundamentadas en un minucioso análisis que las basadas en la intuición,45. Detecto frecuentemente la inconsistencia y putos débiles en las argumentaciones de los demás,46. Creo que es preciso saltarse las normas muchas más veces que cumplirlas,47. A menudo caigo en la cuenta de otras formas mejores y más prácticas de hacer las cosas,48. En conjunto hablo más que escucho,49. Prefiero distanciarme de los hechos y observarlos desde otras perspectivas,50. Estoy convencido/a que debe imponerse la lógica y el razonamiento,51. Me gusta buscar nuevas experiencias,52. Me gusta experimentar y aplicar las cosas,"53. Pienso que debemos llegar pronto al grano, al meollo de los temas",54. Siempre trato de conseguir conclusiones e ideas claras,55. Prefiero discutir cuestiones concretas y no perder el tiempo con charlas vacías,56. Me impaciento cuando me dan explicaciones irrelevantes e incoherentes,57. Compruebo antes si las cosas funcionan realmente,58. Hago varios borradores antes de la redacción definitiva de un trabajo,"59. Soy consciente de que en las discusiones ayudo a mantener a los demás centrados en el tema, evitando divagaciones","60. Observo que, con frecuencia, soy uno/a de los/as más objetivos/as y desapasionados/as en las discusiones","61. Cuando algo va mal, le quito importancia y trato de hacerlo mejor",62. Rechazo ideas originales y espontáneas si no las veo prácticas,63. Me gusta sopesar diversas alternativas antes de tomar una decisión,64. Con frecuencia miro hacia delante para prever el futuro,65. En los debates y discusiones prefiero desempeñar un papel secundario antes que ser el/la líder o el/la que más participa,66. Me molestan las personas que no actúan con lógica,67. Me resulta incómodo tener que planificar y prever las cosas,68. Creo que el fin justifica los medios en muchos casos,69. Suelo reflexionar sobre los asuntos y problemas,70. El trabajar a conciencia me llena de satisfacción y orgullo,71. Ante los acontecimientos trato de descubrir los principios y teorías en que se basan,72. Con tal de conseguir el objetivo que pretendo soy capaz de herir sentimientos ajenos,73. No me importa hacer todo lo necesario para que sea efectivo mi trabajo,74. Con frecuencia soy una de las personas que más anima las fiestas,75. Me aburro enseguida con el trabajo metódico y minucioso,76. La gente con frecuencia cree que soy poco sensible a sus sentimientos,77. Suelo dejarme llevar por mis intuiciones,78. Si trabajo en grupo procuro que se siga un método y un orden,79. Con frecuencia me interesa averiguar lo que piensa la gente,"80. Esquivo los temas subjetivos, ambiguos y poco claros",Unibertsitatea,Faku
2017/3/17 9:25:38,Matematika,4,24,Hombre,Español,1,1,1,1,0,0,1,1,1,1,1,1,1,0,0,1,0,1,1,1,1,0,1,1,0,0,1,1,1,0,0,1,1,1,0,1,1,1,1,0,1,0,1,1,1,1,1,1,1,0,0,1,1,0,1,1,1,1,1,1,1,0,1,1,1,0,1,1,1,1,1,1,1,1,1,0,1,0,1,1,ZeT,ZeT
2017/3/17 9:59:14,Ikus-entzunezko komunikazioa,1,19,Mujer,Euskara,1,0,0,1,1,1,1,1,1,1,0,1,1,0,1,1,1,1,0,1,0,1,0,1,0,1,1,1,0,1,1,0,1,1,1,1,1,0,0,1,0,1,0,1,0,0,1,1,0,0,0,0,1,0,1,1,1,0,1,0,1,1,0,1,0,1,1,1,1,1,1,0,1,1,1,1,0,0,1,1,Komunikazioa,GKZ
2017/4/10 9:57:08,Ikus-entzunezko komunikazioa,1,18,Hombre,Español,1,1,1,0,0,1,1,1,1,1,1,1,1,1,1,0,1,1,1,1,0,0,1,0,0,1,1,0,1,0,1,1,1,1,0,1,0,1,0,1,0,1,0,1,0,1,0,1,1,1,0,1,1,0,1,0,1,0,1,1,0,1,1,1,0,1,1,1,1,0,0,0,1,1,1,0,1,0,1,0,Komunikazioa,GKZ
2017/4/10 9:59:30,Kazetaritza,1,20,Hombre,Español,0,1,0,1,1,1,0,1,1,1,1,0,0,1,1,0,1,1,1,1,1,1,0,1,0,1,0,0,1,1,1,1,1,1,0,1,1,1,1,1,1,1,0,1,1,0,1,1,1,1,1,1,1,1,0,1,1,1,1,0,1,1,1,1,0,1,0,0,1,1,1,0,1,1,0,0,1,1,1,1,Komunikazioa,GKZ
2017/4/10 9:59:37,Kazetaritza,1,18,Mujer,Español,1,1,1,0,1,1,1,1,1,1,1,0,1,1,0,0,1,1,0,0,1,1,0,1,1,1,0,1,1,1,0,1,1,0,0,0,1,1,1,1,1,0,0,1,0,1,1,1,1,1,1,0,1,1,1,1,1,0,1,1,0,1,1,1,1,1,1,1,1,1,0,0,1,0,1,1,1,1,1,1,Komunikazioa,GKZ
2017/4/10 9:59:59,Ikus-entzunezko komunikazioa,1,18,Mujer,Español,1,1,0,1,1,1,1,1,1,1,0,1,1,0,1,1,0,1,0,1,1,1,0,0,1,1,0,1,1,1,0,1,1,1,0,1,0,0,1,0,0,1,0,0,0,1,1,0,1,0,1,1,1,1,0,1,1,1,1,0,0,0,1,1,1,0,0,0,1,1,0,0,1,0,1,0,1,0,1,0,Komunikazioa,GKZ
2017/4/10 10:00:23,Kazetaritza,1,18,Mujer,Español,1,1,1,1,0,0,1,1,1,1,0,1,1,1,0,0,0,0,0,1,1,0,0,1,1,1,1,1,1,1,0,0,0,0,1,1,1,1,1,1,1,1,0,1,1,1,1,1,0,0,1,1,1,1,1,1,1,0,1,0,0,0,0,1,0,1,1,1,0,0,0,0,1,1,1,1,1,1,1,1,Komunikazioa,GKZ
2017/4/10 10:00:37,Kazetaritza,1,18,Hombre,Español,0,1,0,0,1,0,0,1,0,1,1,0,0,1,0,1,1,0,0,1,0,0,0,1,0,1,1,0,0,1,0,1,0,0,0,0,1,0,1,0,1,0,0,1,0,0,1,0,1,1,0,0,0,1,1,1,0,0,0,0,0,0,0,0,1,0,0,1,0,0,0,0,0,1,0,1,0,0,0,1,Komunikazioa,GKZ
2017/4/10 10:01:07,Kazetaritza,1,18,Mujer,Español,1,1,1,1,1,1,1,1,1,1,1,1,1,1,1,0,1,1,1,1,1,1,0,1,0,1,1,1,1,1,1,1,1,1,1,1,1,1,0,1,1,1,1,1,1,0,1,1,1,1,1,1,1,1,1,1,1,1,1,0,1,0,1,1,0,1,0,0,1,1,1,0,1,1,1,0,1,1,1,0,Komunikazioa,GKZ
2017/4/10 10:01:19,Kazetaritza,1,18,Hombre,Español,1,1,0,0,1,1,0,1,1,0,1,0,1,1,0,1,1,1,0,1,1,1,0,1,1,1,0,1,1,0,1,1,1,0,0,0,1,1,1,1,1,1,1,1,1,1,0,0,0,1,1,0,0,1,0,1,0,0,1,0,0,0,0,1,0,1,0,1,1,0,0,1,0,1,0,1,0,1,1,0,Komunikazioa,GKZ
2017/4/10 10:02:53,Kazetaritza,1,19,Mujer,Español,1,1,0,0,0,1,1,1,1,0,1,0,0,0,0,1,1,1,1,1,1,1,0,0,0,1,0,1,1,1,1,1,0,1,1,1,1,0,1,1,1,1,1,1,1,0,1,0,1,1,1,1,1,1,1,1,1,1,1,1,1,1,1,0,1,1,1,1,1,1,0,0,1,1,1,1,1,1,1,0,Komunikazioa,GKZ
2017/4/10 10:04:09,Kazetaritza,1,18,Hombre,Euskara,1,1,1,1,1,1,0,1,1,0,1,1,1,1,0,0,0,1,1,1,1,1,1,1,1,1,1,1,1,1,1,1,0,0,1,1,1,1,1,1,1,1,0,1,1,1,1,1,0,0,1,1,1,1,1,1,1,1,1,0,1,1,1,1,1,1,0,1,1,1,1,0,1,1,1,0,1,1,1,0,Komunikazioa,GKZ
2017/4/10 10:06:03,Kazetaritza,1,20,Hombre,Euskara,1,1,0,1,1,1,0,0,1,1,1,1,1,1,1,1,1,1,1,1,1,0,1,1,0,1,1,1,1,1,1,1,1,0,0,0,0,1,1,1,0,1,1,1,1,1,1,0,0,1,1,1,0,1,1,0,0,1,0,1,0,0,1,1,0,1,1,1,1,1,1,0,1,0,0,0,0,1,0,1,Komunikazioa,GKZ
2017/4/10 10:10:36,Kazetaritza,1,21,Hombre,Euskara,1,0,1,1,1,1,1,1,1,1,1,1,1,1,1,1,1,1,0,1,1,0,1,1,1,0,1,0,1,0,0,1,1,1,1,1,1,1,1,1,1,1,1,1,1,0,1,0,0,0,1,0,1,1,1,1,1,0,0,1,1,1,0,0,0,0,0,1,0,1,1,1,1,1,1,0,0,1,1,0,Komunikazioa,GKZ
2017/4/10 10:13:41,Publizitatea eta Harreman Publikoak,1,18,Mujer,Euskara,1,1,0,1,0,1,0,1,1,1,1,1,1,1,0,1,1,0,0,1,1,1,0,1,0,1,1,0,1,0,1,1,0,1,1,1,0,0,1,1,1,1,1,1,1,0,1,1,1,1,1,1,1,1,1,1,1,0,0,0,1,1,1,0,0,1,1,0,0,1,0,0,0,1,1,1,1,1,0,1,Komunikazioa,GKZ
2017/4/10 10:19:56,Kazetaritza,1,19,Mujer,Español,1,1,1,1,0,1,1,1,1,1,0,0,1,1,0,0,0,1,0,1,1,1,0,1,0,1,1,1,1,1,1,1,1,0,1,1,0,0,1,1,1,1,1,1,1,0,0,0,1,1,1,1,1,1,0,0,1,1,0,0,1,0,1,1,0,1,1,0,1,1,0,0,1,0,1,0,1,1,1,0,Komunikazioa,GKZ
2017/4/10 10:19:59,Ikus-entzunezko komunikazioa,1,19,Mujer,Español,1,1,1,0,1,1,1,1,1,0,0,1,1,1,0,0,0,0,0,1,1,1,0,0,0,1,1,0,0,1,0,0,1,0,1,1,1,0,0,0,1,1,1,0,1,1,0,1,0,0,1,1,1,1,1,0,1,0,0,0,1,1,0,0,0,0,1,1,1,0,0,0,0,1,1,0,1,1,0,0,Komunikazioa,GKZ
2017/4/10 10:33:03,Publizitatea eta Harreman Publikoak,1,18,Mujer,Español,0,1,0,1,1,1,1,0,0,0,0,0,0,0,0,1,1,1,0,1,1,1,0,0,0,1,0,1,0,0,0,0,0,1,1,1,1,0,1,0,1,1,0,0,0,0,1,0,0,0,1,1,1,1,1,1,0,0,0,0,1,0,1,0,1,0,1,0,0,0,0,0,0,1,1,0,1,0,1,0,Komunikazioa,GKZ
2017/4/10 10:33:28,Kazetaritza,1,19,Mujer,Español,1,1,0,1,0,1,0,0,0,1,0,1,1,1,0,0,0,1,0,1,1,1,0,1,1,1,1,1,1,1,1,1,0,1,0,0,0,0,1,1,1,0,1,1,1,1,1,1,1,0,1,1,0,1,0,1,1,0,1,0,1,0,1,0,0,0,0,1,1,1,0,0,1,1,1,1,1,0,1,0,Komunikazioa,GKZ
2017/4/10 10:33:40,Publizitatea eta Harreman Publikoak,1,18,Hombre,Español,1,1,0,1,1,1,1,1,1,0,1,1,0,1,0,1,1,1,1,1,1,1,0,1,1,1,0,1,1,1,1,0,1,1,0,1,1,1,1,0,1,1,1,1,1,1,1,0,1,1,1,1,1,1,1,1,1,0,1,0,1,1,1,1,1,1,0,1,1,1,1,1,0,0,1,0,1,1,1,0,Komunikazioa,GKZ
2017/4/10 10:45:47,Kazetaritza,1,19,Mujer,Euskara,1,1,0,0,1,0,1,1,0,1,1,1,0,1,1,1,1,1,0,1,1,1,0,1,0,1,1,0,1,0,0,1,0,1,1,1,1,0,0,0,1,1,1,0,1,1,1,1,0,1,1,1,1,1,0,1,0,0,0,0,1,0,0,0,0,0,1,1,1,1,1,0,1,1,0,0,1,0,1,0,Komunikazioa,GKZ
2017/4/11 11:42:31,Kazetaritza,1,18,Hombre,Euskara,1,0,0,0,1,1,0,0,0,1,1,1,1,1,0,1,1,0,1,0,1,0,1,0,1,0,1,1,0,1,0,1,0,1,0,1,0,1,0,1,1,0,0,1,1,0,1,0,1,0,1,0,1,0,1,1,0,1,0,0,0,1,0,1,0,1,0,1,0,0,1,0,1,0,1,0,1,1,1,0,Komunikazioa,GKZ
2017/4/11 11:42:36,Publizitatea eta Harreman Publikoak,1,19,Mujer,Euskara,1,0,1,1,1,1,1,0,0,0,1,1,1,0,1,1,1,0,1,1,1,1,0,1,0,1,1,0,1,1,1,0,1,1,1,1,0,1,1,0,1,0,1,1,0,0,1,0,1,1,1,1,1,1,1,0,1,1,0,1,1,0,1,1,0,1,1,1,1,1,0,1,1,1,0,0,1,1,1,1,Komunikazioa,GKZ
2017/4/11 11:46:12,Publizitatea eta Harreman Publikoak,1,18,Mujer,Español,0,1,0,1,0,0,1,0,1,0,1,0,1,0,0,1,1,1,0,0,0,1,0,1,0,0,0,1,0,1,0,1,0,1,1,0,0,1,0,1,1,0,0,1,1,0,1,0,0,1,0,1,1,1,0,1,1,0,1,1,0,0,1,0,0,1,0,0,1,1,0,1,0,1,0,1,1,0,1,0,Komunikazioa,GKZ
2017/4/11 11:50:13,Ikus-entzunezko komunikazioa,1,19,Hombre,Español,0,1,0,0,1,1,1,1,1,1,1,1,0,1,0,1,1,1,0,1,1,1,0,1,1,1,0,0,1,1,1,1,1,1,1,0,1,0,1,1,1,0,1,0,0,1,1,1,0,0,1,1,1,1,1,1,1,0,0,0,1,0,1,0,1,1,1,1,1,0,0,0,1,0,1,0,0,1,1,0,Komunikazioa,GKZ
2017/4/11 11:50:18,Publizitatea eta Harreman Publikoak,1,19,Mujer,Español,0,1,1,1,0,0,0,1,1,1,0,1,0,0,1,1,1,1,1,1,1,0,0,1,1,1,0,0,1,0,0,1,1,1,1,1,0,0,1,1,1,1,1,1,1,1,1,0,1,0,1,1,1,0,1,1,1,0,0,1,1,1,1,0,1,0,0,1,1,0,0,1,1,0,1,1,1,1,1,1,Komunikazioa,GKZ
2017/4/11 11:52:05,Kazetaritza,1,18,Mujer,Euskara,0,0,0,1,1,1,0,1,1,1,1,1,1,0,1,1,1,1,1,1,1,1,0,1,1,1,0,1,1,1,1,1,1,1,0,1,1,0,1,1,0,1,1,0,1,0,1,0,1,1,1,1,1,1,1,1,1,1,1,0,1,1,1,1,1,1,0,1,1,1,1,0,1,1,0,0,1,1,1,1,Komunikazioa,GKZ
2017/4/11 11:52:30,Kazetaritza,1,18,Mujer,Euskara,1,1,0,1,0,1,0,1,1,1,1,1,1,1,1,1,1,1,1,1,1,0,0,1,1,1,1,1,1,1,0,1,1,0,0,1,0,1,1,1,1,1,0,1,1,0,1,0,0,1,1,1,1,1,0,0,0,1,0,0,1,0,1,0,1,0,1,0,1,1,0,0,0,1,0,0,1,1,1,1,Komunikazioa,GKZ
2017/4/11 11:53:01,Kazetaritza,1,18,Hombre,Euskara,1,1,1,0,1,1,0,1,0,1,1,1,1,0,1,0,1,0,0,1,1,1,1,1,0,1,0,0,1,1,0,0,1,1,0,1,1,1,1,1,1,1,0,1,0,1,1,1,1,0,1,1,1,1,1,1,1,0,0,1,1,0,1,1,1,0,0,1,1,1,1,0,0,1,1,0,1,1,1,0,Komunikazioa,GKZ
2017/4/11 11:54:56,Kazetaritza,1,19,Mujer,Español,1,1,1,0,1,1,1,1,1,1,1,1,1,1,0,0,1,1,0,1,1,1,1,1,0,1,0,1,1,1,1,1,1,1,1,1,1,0,1,1,1,1,1,0,1,1,1,1,1,0,1,1,1,1,1,1,1,0,0,0,1,0,1,0,1,1,1,1,1,1,1,0,1,1,1,0,1,1,0,0,Komunikazioa,GKZ
2017/4/11 11:55:14,Publizitatea eta Harreman Publikoak,1,18,Hombre,Euskara,1,1,1,1,1,1,1,1,1,1,0,1,0,1,0,0,0,1,1,1,1,1,0,1,1,1,1,1,1,1,1,1,1,0,1,1,1,1,1,1,1,1,1,0,1,0,1,1,0,1,1,1,1,1,1,1,1,1,1,1,1,1,1,1,0,1,1,0,1,1,1,0,1,1,0,1,1,1,1,1,Komunikazioa,GKZ
2017/4/11 11:55:44,Ikus-entzunezko komunikazioa,1,18,Hombre,Euskara,0,1,0,1,1,1,0,1,1,1,1,1,1,0,1,1,1,1,1,1,1,1,1,0,1,1,0,1,1,1,1,1,1,0,0,1,1,0,1,1,1,1,1,1,0,1,1,1,0,1,1,1,1,0,0,1,1,0,1,1,1,0,0,1,1,0,1,0,1,1,1,0,1,1,0,1,0,0,0,1,Komunikazioa,GKZ
2017/4/11 11:56:55,Kazetaritza,1,18,Mujer,Euskara,1,1,1,1,1,1,1,1,1,1,1,1,1,1,1,1,0,1,1,1,1,1,0,1,1,1,0,1,1,1,1,1,1,1,1,1,1,1,1,1,1,1,1,1,1,1,1,1,1,1,1,1,1,1,1,1,1,1,1,1,1,1,1,1,1,1,1,1,1,1,1,1,1,1,1,1,1,1,1,1,Komunikazioa,GKZ
2017/4/11 11:59:33,Ikus-entzunezko komunikazioa,1,18,Mujer,Euskara,0,1,1,0,0,1,1,0,0,0,0,1,1,1,0,1,0,1,0,1,1,0,0,1,0,1,0,0,0,1,1,1,0,1,1,1,0,0,1,1,1,1,0,0,0,0,0,0,1,0,1,1,0,0,0,1,0,1,0,0,1,0,1,0,1,0,1,0,0,0,0,0,0,1,0,0,1,0,1,0,Komunikazioa,GKZ
2017/4/11 12:00:50,Kazetaritza,1,19,Mujer,Euskara,0,1,0,1,0,1,1,1,1,0,0,0,1,0,0,1,0,0,1,1,1,1,0,1,1,1,0,1,1,0,0,1,0,1,1,1,0,0,0,1,1,1,0,0,1,1,1,0,1,0,1,1,0,0,0,1,1,1,0,0,0,0,1,1,1,0,1,1,1,0,0,0,1,1,1,0,1,0,1,0,Komunikazioa,GKZ
2017/4/11 12:02:33,Ikus-entzunezko komunikazioa,1,18,Hombre,Euskara,1,1,0,1,1,1,0,0,1,1,0,1,0,0,1,1,1,1,1,1,1,1,0,1,1,0,1,1,1,1,1,1,1,1,0,1,1,1,1,1,1,1,1,1,1,1,1,0,0,1,1,1,1,1,1,1,0,1,1,0,0,0,1,1,0,1,0,1,1,1,1,0,0,1,1,0,1,1,1,1,Komunikazioa,GKZ
2017/4/11 12:05:12,Ikus-entzunezko komunikazioa,1,18,Hombre,Euskara,0,1,1,0,1,1,1,0,1,0,0,0,1,0,1,1,0,1,1,1,1,1,0,0,0,1,0,1,0,1,1,1,0,1,1,1,0,0,1,0,0,1,1,1,1,1,1,0,0,1,1,1,0,1,1,1,1,0,0,0,1,0,1,1,1,0,1,0,1,1,1,0,0,0,1,0,1,0,1,0,Komunikazioa,GKZ
2017/4/11 12:06:03,Kazetaritza,1,19,Mujer,Español,1,1,1,1,1,1,1,1,1,1,1,1,1,1,1,1,1,1,1,1,1,1,1,1,1,1,1,1,1,1,1,1,1,1,1,1,1,1,1,1,1,1,1,0,0,0,1,1,1,1,1,1,1,1,1,1,1,1,1,0,1,0,1,1,1,1,0,1,1,1,1,0,1,1,0,0,1,0,1,0,Komunikazioa,GKZ
2017/4/11 12:18:32,Ikus-entzunezko komunikazioa,1,18,Mujer,Euskara,1,1,1,0,1,0,1,1,1,1,1,1,1,1,0,0,0,0,1,1,1,1,0,1,0,1,1,1,1,1,0,1,1,0,1,1,0,1,1,1,1,1,1,0,0,1,1,1,1,0,1,1,1,1,1,1,1,0,0,1,1,0,1,0,1,0,1,1,1,1,1,0,1,1,0,0,1,0,1,0,Komunikazioa,GKZ
2017/4/27 14:50:07,Matematika,4,21,Mujer,Español,0,1,0,1,1,1,0,0,1,1,1,1,0,0,0,1,1,1,1,0,1,1,0,1,1,1,0,0,1,0,1,1,0,1,1,1,1,0,1,1,1,1,0,1,0,1,1,0,1,1,1,1,1,1,1,1,1,1,1,1,0,0,1,0,1,1,0,0,1,1,0,0,0,1,1,0,0,1,0,0,ZeT,ZeT
2017/4/27 14:51:16,Matematika,4,24,Mujer,Español,1,1,1,1,1,1,1,0,1,1,0,1,0,0,1,1,1,1,1,0,1,0,0,1,0,1,0,1,1,1,1,1,1,1,0,1,0,0,1,1,1,1,1,1,0,0,1,0,1,1,1,1,1,1,0,1,1,1,0,0,1,0,1,1,1,0,0,0,1,0,1,0,0,0,0,0,1,0,1,0,ZeT,ZeT
2017/4/27 14:56:18,Matematika,4,22,Hombre,Euskara,1,1,1,1,1,1,0,1,1,0,0,1,0,0,1,1,1,1,1,0,1,0,0,0,1,1,0,1,1,1,0,1,1,0,1,1,1,1,1,1,1,1,0,0,1,1,0,1,1,1,0,0,1,0,0,0,0,1,0,1,1,1,0,0,1,0,0,0,1,1,0,1,1,0,1,1,0,0,1,1,ZeT,ZeT
2017/4/27 14:56:52,Matematika,4,21,Hombre,Español,1,1,0,1,1,1,1,0,1,1,1,1,0,0,1,0,1,0,1,0,1,0,0,1,1,1,1,1,1,1,1,0,1,1,0,1,0,0,0,1,1,0,1,0,1,0,1,1,0,1,1,1,1,1,1,1,1,0,1,0,1,1,1,1,1,1,1,0,1,1,0,0,1,1,1,0,0,1,0,0,ZeT,ZeT
2017/4/27 14:57:36,Matematika,4,23,Hombre,Euskara,0,1,1,1,1,1,0,1,0,1,1,0,0,0,1,1,0,1,1,0,1,1,0,1,1,1,1,1,1,0,1,0,1,1,0,1,1,0,1,1,0,1,1,0,0,1,0,1,1,0,0,1,0,1,0,0,1,1,0,1,1,1,1,1,0,0,1,0,1,1,0,1,1,0,0,1,1,0,1,1,ZeT,ZeT
2017/4/27 14:59:06,Matematika,4,22,Mujer,Euskara,1,1,1,1,0,0,0,1,1,1,1,1,0,0,0,1,1,1,1,0,1,1,0,1,0,0,1,1,1,1,0,0,1,1,0,1,1,1,1,1,0,0,1,1,0,0,0,0,0,1,0,1,1,1,1,1,1,0,1,0,0,0,1,1,0,1,0,1,1,1,0,0,0,0,0,0,1,1,1,0,ZeT,ZeT
2017/4/27 15:00:06,Matematika,4,21,Hombre,Euskara,1,1,1,0,1,0,1,1,0,0,1,1,1,1,0,1,1,0,1,1,0,1,0,1,1,0,1,1,1,0,1,1,0,1,1,1,1,0,1,1,1,1,0,0,1,1,1,0,1,1,1,0,1,0,1,1,0,0,0,1,1,1,0,1,1,0,0,1,1,0,1,1,0,1,1,0,1,0,1,1,ZeT,ZeT
2017/4/27 15:00:36,Matematika,4,24,Mujer,Español,1,1,0,1,0,1,0,1,1,0,0,1,0,0,1,0,1,1,1,0,1,1,0,1,1,1,1,0,1,0,0,1,1,1,1,1,1,1,1,1,1,1,0,1,1,0,0,1,1,1,0,0,1,1,1,1,1,0,0,0,0,1,1,1,1,1,1,0,1,1,0,0,0,0,1,0,0,1,1,1,ZeT,ZeT
2017/4/27 15:01:14,Matematika,4,22,Mujer,Euskara,1,1,0,1,1,1,0,1,1,1,1,0,0,0,1,1,1,1,0,0,1,1,0,1,1,1,1,1,1,0,1,0,1,1,0,1,1,0,1,1,1,1,1,0,1,0,0,0,1,1,1,0,1,1,0,0,1,1,1,0,1,0,1,1,0,0,0,0,1,0,0,0,0,1,0,0,0,1,1,0,ZeT,ZeT
2017/4/27 15:02:07,Matematika,4,21,Mujer,Español,1,1,0,0,0,1,1,1,1,1,1,1,1,1,0,0,1,0,1,1,1,1,0,1,0,1,0,1,1,1,0,0,1,0,0,1,0,1,1,1,1,1,1,1,0,1,1,1,0,1,1,1,1,1,1,1,0,0,1,0,1,0,1,1,1,1,0,1,1,1,1,0,0,1,1,0,1,1,1,0,ZeT,ZeT
2017/4/27 15:02:38,Matematika,4,21,Mujer,Euskara,0,1,0,1,1,1,1,1,1,1,1,0,0,1,0,1,1,1,0,0,1,1,1,1,0,1,0,1,1,0,1,1,1,0,0,1,1,0,1,1,1,0,0,1,0,0,1,0,1,1,1,1,1,1,1,1,1,1,0,1,1,0,1,1,1,1,0,1,1,1,0,0,0,0,1,0,0,1,1,1,ZeT,ZeT
2017/4/27 15:03:38,Matematika,4,21,Mujer,Euskara,1,1,0,1,0,1,1,1,1,1,1,1,1,0,0,1,1,1,1,1,1,1,1,1,1,1,1,1,1,1,1,1,1,1,0,1,0,1,1,1,1,0,0,0,0,0,0,0,0,1,1,1,1,0,1,1,1,1,1,0,0,1,1,0,1,1,1,0,1,1,1,1,1,1,1,1,1,1,1,1,ZeT,ZeT
2017/4/27 15:06:53,Matematika,4,22,Mujer,Euskara,1,1,0,1,0,1,1,1,1,1,1,0,0,1,0,0,1,1,1,1,1,1,0,1,0,1,1,1,1,0,1,1,1,1,0,0,0,0,1,1,1,1,1,1,0,0,0,1,1,1,1,1,1,1,1,0,1,1,1,0,0,1,1,0,0,1,0,1,1,1,1,0,0,0,0,0,1,1,1,1,ZeT,ZeT
2017/4/27 15:07:47,Matematika,4,21,Mujer,Euskara,1,1,0,1,1,1,1,0,1,1,1,0,0,0,1,1,1,1,1,1,1,1,0,1,1,0,0,1,1,0,1,1,1,1,0,1,1,0,1,1,1,1,0,1,1,0,1,0,0,1,1,1,1,1,1,1,1,0,1,1,1,1,1,1,1,1,0,0,1,1,1,0,1,1,0,0,1,1,1,0,ZeT,ZeT
2017/4/27 15:08:26,Matematika,4,22,Mujer,Español,1,1,0,1,1,1,0,0,0,1,0,1,1,0,0,1,0,1,1,1,1,1,0,0,0,1,0,1,0,0,1,1,0,1,1,1,1,1,1,1,1,1,1,1,0,0,0,0,0,0,1,0,1,1,0,0,1,1,0,1,1,1,1,0,1,0,1,0,1,1,0,1,1,0,0,1,1,1,0,0,ZeT,ZeT
2017/4/27 15:09:19,Matematika,4,38,Hombre,Euskara,1,1,1,1,1,0,0,0,1,1,1,0,0,1,0,1,1,1,1,0,0,0,0,0,0,0,0,1,1,0,1,1,1,1,0,1,0,1,1,0,1,1,1,1,1,1,0,0,1,1,0,0,1,1,1,0,0,1,1,1,0,1,1,1,1,1,0,1,1,1,1,1,1,1,0,1,0,1,1,1,ZeT,ZeT
2017/4/27 15:09:34,Matematika,4,23,Mujer,Español,1,0,1,1,1,1,1,1,1,1,1,1,1,1,1,1,1,0,1,1,0,1,0,1,0,1,0,1,1,1,0,0,0,1,0,1,1,1,1,1,0,0,1,1,1,1,0,0,1,1,1,1,1,1,1,1,0,1,0,0,0,0,1,1,1,1,0,1,1,1,1,0,0,0,1,0,0,1,1,0,ZeT,ZeT
2017/4/27 15:09:35,Matematika,4,22,Mujer,Español,0,1,1,1,1,1,1,1,1,1,0,0,1,1,1,1,1,1,0,0,1,1,0,1,0,1,0,1,1,0,1,1,1,1,1,1,1,0,1,1,1,0,0,1,0,1,1,0,1,1,0,1,1,1,1,1,1,1,0,0,1,0,1,1,1,1,1,1,1,1,1,0,1,0,1,0,1,1,1,1,ZeT,ZeT
2017/4/27 15:09:36,Matematika,4,21,Mujer,Español,1,1,0,1,0,1,0,1,1,1,1,0,0,1,1,1,1,1,1,1,1,1,0,0,1,1,0,1,1,1,1,1,1,0,0,1,0,0,1,1,1,1,0,1,1,0,1,0,1,1,0,0,1,1,1,1,1,1,1,1,0,0,1,1,1,1,0,0,1,1,1,0,0,0,0,1,0,1,1,1,ZeT,ZeT
2017/4/27 15:11:36,Grado en Ingeniería Electrónica,4,25,Mujer,Euskara,1,1,0,1,1,1,1,0,1,1,1,0,1,1,0,0,1,1,0,1,1,1,0,0,0,1,1,1,1,0,0,1,0,1,1,1,1,1,1,1,1,1,1,1,1,0,1,1,0,0,1,1,1,1,0,0,1,0,0,0,1,0,1,1,0,0,0,1,1,1,1,0,0,1,1,0,1,1,1,0,ZeT,ZeT
2017/4/27 15:11:58,Matematika,4,22,Mujer,Euskara,1,1,0,1,1,1,0,1,1,1,1,0,0,1,0,1,1,0,0,1,1,1,0,1,1,1,1,1,1,1,1,1,0,1,1,1,1,1,1,1,1,1,0,1,0,0,1,0,1,1,1,1,1,1,1,0,0,1,0,1,1,1,0,1,1,0,0,1,1,1,1,0,1,1,1,1,1,1,1,0,ZeT,ZeT
2017/4/27 15:12:27,Matematika,4,21,Mujer,Español,1,1,0,0,0,1,0,1,1,1,1,1,1,0,0,0,1,1,1,0,1,1,0,1,0,1,1,1,0,1,1,1,1,1,0,1,0,0,1,1,1,1,1,1,0,1,1,1,1,1,1,1,1,1,0,0,1,1,1,1,0,0,1,1,1,0,0,1,1,1,1,0,0,1,1,0,0,1,0,1,ZeT,ZeT
2017/4/27 15:13:38,Matematika,4,22,Mujer,Euskara,0,0,0,1,1,1,1,1,1,0,0,1,1,1,1,1,1,0,1,1,0,0,0,1,0,1,0,1,1,0,0,1,0,1,0,1,1,1,1,0,1,1,1,0,1,0,0,0,0,0,1,1,0,1,1,1,0,0,0,0,1,1,1,1,1,1,0,0,1,1,0,0,0,0,0,0,0,1,1,1,ZeT,ZeT
2017/4/27 15:13:45,Matematika,4,25,Hombre,Euskara,0,1,0,1,1,0,1,1,1,1,1,1,0,0,1,1,1,1,1,0,1,0,0,1,1,1,0,1,0,0,1,0,1,1,0,1,0,0,0,1,0,0,0,1,0,0,1,0,0,1,0,1,1,1,1,1,1,1,0,0,1,0,1,1,1,0,0,0,1,1,1,0,0,0,0,0,0,1,1,1,ZeT,ZeT
2017/4/27 15:15:12,Fisika,4,25,Mujer,Español,1,0,0,1,0,1,0,0,1,1,1,0,0,1,0,0,1,1,1,1,1,1,0,0,0,1,1,1,1,1,1,1,0,0,1,1,0,1,0,1,1,1,1,1,1,0,1,0,1,1,1,1,1,1,1,1,1,1,0,0,1,0,1,1,0,1,0,1,1,1,1,0,0,1,0,0,1,1,1,0,ZeT,ZeT
2017/4/27 15:20:00,Matematika,4,21,Mujer,Euskara,1,1,0,1,1,1,1,1,1,1,1,1,1,0,0,1,1,1,1,1,1,0,0,1,0,1,1,1,1,1,1,1,1,1,1,1,1,0,1,1,1,1,1,1,1,0,1,0,0,1,1,1,1,1,1,1,1,1,1,1,1,1,1,1,1,1,1,1,1,1,1,0,0,1,1,1,1,1,1,1,ZeT,ZeT
2017/11/30 9:41:16,Lehen Hezkuntza,1,18,Mujer,Español,0,1,1,1,1,1,0,0,0,1,1,0,1,0,1,1,1,0,0,1,1,1,0,1,1,1,0,1,1,0,1,1,1,1,0,1,1,1,1,1,1,0,1,1,1,1,0,1,1,1,0,0,1,1,1,1,1,1,0,0,1,1,0,1,1,1,0,0,1,0,1,0,1,1,0,0,0,1,0,1,BHF,BHF
2017/11/30 9:46:24,Lehen Hezkuntza,1,18,Mujer,Español,0,1,1,1,0,1,1,0,1,1,0,1,1,1,1,0,1,1,1,0,1,1,0,1,1,1,0,1,1,0,1,1,1,1,0,1,0,0,1,1,1,1,1,1,0,0,1,0,0,0,1,1,1,1,1,1,1,1,1,1,1,1,1,1,1,0,0,0,1,1,1,0,0,0,0,0,0,1,1,0,BHF,BHF
2017/11/30 11:08:06,Lehen Hezkuntza,1,18,Hombre,Español,1,1,0,1,1,1,1,1,1,1,1,1,0,1,0,0,0,1,0,1,1,1,0,1,0,1,0,1,1,1,1,1,1,0,0,1,1,1,1,1,1,1,1,1,1,1,1,1,0,1,1,1,1,1,0,1,1,0,1,0,0,1,0,0,1,0,1,1,1,1,1,1,1,0,1,1,1,1,1,0,BHF,BHF
2017/11/30 11:27:12,Lehen Hezkuntza,1,22,Mujer,Español,1,1,1,0,1,1,0,1,1,1,1,1,1,1,1,0,1,1,0,1,1,1,1,1,0,1,1,1,1,1,0,1,1,0,0,0,1,1,0,1,1,1,1,1,0,0,1,1,0,1,1,1,1,1,1,1,0,1,0,1,0,1,1,1,0,1,0,1,1,1,1,1,1,0,1,0,1,1,1,1,BHF,BHF
2017/11/30 11:27:46,Lehen Hezkuntza,1,18,Mujer,Euskara,0,0,1,0,1,1,1,0,1,1,1,1,1,1,1,0,0,1,1,1,1,0,1,1,1,1,1,1,1,0,0,0,1,1,1,1,1,1,1,0,0,1,1,0,0,1,1,1,0,1,0,0,1,1,1,0,1,1,0,1,0,0,1,0,0,0,1,0,1,0,0,0,0,0,0,1,1,0,0,0,BHF,BHF
2017/11/30 11:30:51,Lehen Hezkuntza,1,18,Mujer,Español,1,1,0,0,1,1,0,1,1,0,0,1,0,0,0,1,1,0,0,0,1,1,0,1,1,1,0,0,1,0,1,0,0,1,1,1,0,0,0,1,1,0,1,0,0,0,0,0,1,1,0,0,0,1,1,0,0,0,1,0,1,1,0,1,1,0,1,0,1,1,0,0,0,0,1,1,1,1,1,1,BHF,BHF
2017/11/30 11:40:03,Lehen Hezkuntza,1,18,Hombre,Español,1,0,1,1,0,1,1,1,1,1,1,1,1,1,1,0,1,0,0,1,1,1,0,1,0,1,0,1,1,0,0,0,1,1,0,1,1,0,1,0,0,1,0,1,0,1,1,0,1,0,0,1,0,0,1,1,1,1,1,0,1,0,1,0,1,0,0,0,1,1,1,0,1,1,1,1,0,0,0,1,BHF,BHF
2017/11/30 11:41:38,Lehen Hezkuntza,1,19,Hombre,Español,0,1,0,1,0,1,0,1,1,1,1,1,0,0,1,0,1,1,0,0,1,0,0,1,0,1,0,1,1,1,1,0,1,1,0,1,1,1,1,1,1,1,1,1,1,0,0,0,1,1,1,0,1,1,1,0,0,1,0,0,0,1,1,0,0,0,1,1,1,1,0,1,1,0,0,0,0,0,0,1,BHF,BHF
2017/11/30 11:42:09,Lehen Hezkuntza,1,19,Hombre,Español,0,1,1,0,1,1,1,1,1,1,0,1,0,1,1,1,0,0,0,1,1,1,1,1,0,1,1,0,1,1,0,0,0,1,1,1,0,1,1,1,1,1,1,1,0,1,1,0,1,0,1,1,1,0,1,1,1,1,1,0,1,0,1,1,1,1,0,1,1,1,1,1,1,1,1,1,1,1,1,0,BHF,BHF
2017/11/30 11:48:46,Lehen Hezkuntza,1,18,Mujer,Euskara,0,1,0,0,1,1,1,1,1,1,1,0,0,1,0,1,1,1,0,1,1,1,0,1,0,1,1,1,1,0,1,0,1,1,1,1,1,0,1,0,1,1,1,0,1,0,0,0,1,1,1,1,1,1,0,1,0,0,1,0,0,0,1,1,1,0,1,0,1,1,0,0,0,1,1,0,1,1,0,1,BHF,BHF
2017/11/30 11:49:46,Lehen Hezkuntza,1,18,Hombre,Español,1,1,0,1,0,1,1,0,1,1,1,0,0,0,0,0,1,1,1,1,1,1,0,1,1,1,1,1,0,0,1,1,0,1,0,1,1,0,1,1,1,1,1,0,1,0,1,1,1,1,1,1,0,1,1,0,1,0,1,1,1,1,1,0,0,0,0,1,1,0,1,0,0,1,0,0,1,1,1,0,BHF,BHF
2017/11/30 11:53:41,Lehen Hezkuntza,1,17,Hombre,Euskara,1,1,1,1,1,1,0,1,0,0,1,1,0,1,0,0,1,1,0,1,1,1,0,1,1,1,0,1,1,1,0,1,1,1,1,0,1,0,1,1,1,1,1,1,1,0,0,1,1,1,1,1,0,1,1,1,1,0,1,0,1,0,1,0,0,1,0,0,1,1,0,0,0,1,1,0,1,1,1,0,BHF,BHF
2017/11/30 11:53:42,Lehen Hezkuntza,1,19,Hombre,Español,1,1,0,1,0,1,1,0,1,1,1,1,1,1,0,1,1,1,1,1,1,1,0,1,0,1,0,1,1,1,1,1,1,0,1,0,1,0,1,1,1,1,1,1,1,1,1,0,1,1,1,1,1,1,1,1,1,1,0,1,1,0,1,0,1,1,1,1,1,0,1,0,0,1,1,1,1,1,1,1,BHF,BHF
2017/11/30 11:55:37,Lehen Hezkuntza,1,19,Hombre,Español,1,1,1,0,1,1,1,1,1,1,0,1,1,0,0,1,1,0,0,1,1,1,1,1,1,1,1,1,1,1,0,1,1,0,0,1,1,1,1,1,1,0,1,0,1,1,0,1,0,1,1,1,1,1,1,1,1,1,1,1,1,0,1,1,0,1,1,1,1,1,0,0,1,1,1,0,1,1,1,0,BHF,BHF
2017/11/30 11:58:04,Lehen Hezkuntza,1,23,Mujer,Español,1,1,0,0,1,1,1,0,1,1,0,1,0,0,0,0,1,1,0,1,1,1,0,1,0,1,0,1,1,0,1,1,1,0,0,1,1,0,1,1,1,1,1,0,1,0,1,0,0,1,0,0,1,1,1,1,1,0,1,1,0,1,1,1,0,1,0,0,1,1,1,0,0,1,0,0,1,0,1,1,BHF,BHF
2017/11/30 11:58:56,Lehen Hezkuntza,1,18,Mujer,Euskara,0,1,1,1,1,1,1,1,1,1,0,1,1,1,0,1,0,1,1,1,1,1,0,1,0,1,0,1,1,1,1,1,1,1,1,1,1,0,0,1,1,1,1,0,1,1,1,0,1,0,1,1,1,1,1,1,1,0,1,0,1,0,1,1,0,1,1,1,1,1,1,0,1,1,1,0,1,1,1,1,BHF,BHF
2017/11/30 11:59:00,Lehen Hezkuntza,1,17,Mujer,Español,1,1,1,1,1,1,0,1,1,1,0,0,1,1,1,0,1,1,1,1,1,1,0,1,1,1,0,1,1,0,1,0,1,1,0,1,1,0,1,1,1,1,0,1,0,1,1,1,0,1,0,0,1,1,1,1,1,1,1,1,1,1,1,0,1,0,1,1,1,1,0,0,1,1,0,1,1,1,1,1,BHF,BHF
2017/11/30 12:09:51,Lehen Hezkuntza,1,18,Mujer,Español,0,1,0,1,1,1,0,1,1,1,1,1,1,1,1,1,1,1,1,1,0,1,1,1,1,1,0,1,1,1,1,1,1,1,0,1,1,1,1,1,0,0,0,1,1,1,0,1,1,1,1,1,1,1,1,1,1,1,1,1,1,0,1,1,1,1,0,0,1,1,1,0,1,1,0,0,1,1,1,1,BHF,BHF
2017/11/30 12:11:00,Lehen Hezkuntza,1,17,Mujer,Euskara,1,1,1,0,1,1,0,1,0,1,1,1,0,1,0,0,1,1,0,1,0,1,0,0,0,1,1,1,1,0,1,0,1,0,0,1,1,1,1,0,0,1,1,0,1,1,0,1,0,1,1,0,1,1,0,1,0,0,0,0,0,0,1,1,0,1,0,1,1,1,0,0,0,1,1,0,1,1,1,0,BHF,BHF
2017/11/30 15:22:26,Lehen Hezkuntza,1,18,Mujer,Español,1,0,0,1,0,1,0,1,0,1,1,0,0,1,1,1,1,1,1,0,1,1,1,1,1,0,0,1,1,0,1,1,0,1,0,1,1,0,1,1,0,1,0,1,1,1,1,0,1,1,0,1,1,1,1,1,1,1,0,0,1,1,1,1,1,1,0,1,1,1,1,1,1,0,0,0,0,1,1,0,BHF,BHF
2017/11/30 16:20:37,Lehen Hezkuntza,1,18,Mujer,Español,0,1,0,1,1,1,1,0,1,1,1,0,1,1,0,0,1,1,1,1,1,1,0,1,0,1,1,1,1,1,1,1,1,0,0,1,0,0,0,1,1,0,1,0,1,0,1,1,0,1,1,1,1,1,1,1,1,1,1,0,1,1,1,1,0,0,0,1,1,1,1,0,0,1,1,0,1,1,1,1,BHF,BHF
2017/11/30 21:14:42,Lehen Hezkuntza,1,20,Mujer,Español,1,1,1,0,1,1,0,1,1,0,0,1,1,0,1,1,1,1,1,0,1,1,0,1,1,1,0,1,1,1,1,1,1,1,0,1,1,0,1,1,1,0,1,1,1,0,1,0,1,1,0,1,0,1,1,1,0,1,1,1,1,0,1,1,0,0,0,0,1,1,0,0,0,0,0,0,0,1,1,1,BHF,BHF
2017/11/30 23:54:14,Lehen Hezkuntza,1,18,Mujer,Euskara,0,0,0,1,1,1,0,0,1,1,1,1,1,0,0,1,1,1,1,1,0,1,0,0,0,1,0,1,1,1,1,0,1,1,0,1,1,1,0,1,1,1,1,1,1,1,1,0,0,1,1,1,1,1,1,1,0,1,0,0,0,0,1,1,1,1,1,1,1,1,1,0,0,0,1,0,1,1,1,0,BHF,BHF
2017/12/1 8:53:50,Lehen Hezkuntza,1,18,Mujer,Español,1,1,0,1,0,1,1,0,1,1,1,1,0,1,1,1,1,1,1,1,1,1,0,1,0,1,1,1,1,1,0,1,1,0,1,1,1,1,1,1,1,1,1,0,1,0,1,0,0,0,1,1,1,1,1,1,1,1,1,0,0,0,1,1,0,0,0,0,1,1,1,0,0,1,0,0,1,1,1,0,BHF,BHF
2017/12/1 9:01:50,Lehen Hezkuntza,1,18,Hombre,Español,0,1,1,1,0,1,0,1,1,0,1,0,1,1,0,1,1,1,1,1,1,1,0,1,1,1,0,1,1,1,1,1,1,1,1,1,0,0,1,0,1,1,0,1,1,0,1,0,1,1,1,1,1,1,1,1,1,1,1,1,1,1,0,1,1,1,1,1,0,0,1,0,0,0,0,1,1,0,1,1,BHF,BHF
2017/12/1 9:05:19,Lehen Hezkuntza,1,18,Hombre,Español,0,1,0,1,1,1,1,1,1,1,0,1,1,1,0,1,0,1,1,1,1,1,0,1,1,1,0,1,1,1,1,1,0,1,1,1,0,1,1,1,1,1,1,1,1,0,1,0,0,1,1,1,1,1,1,0,1,0,1,1,1,0,1,1,1,1,0,1,1,1,1,0,0,0,1,0,1,1,1,1,BHF,BHF
2017/12/1 13:17:01,Lehen Hezkuntza,1,19,Hombre,Euskara,1,1,1,1,1,1,1,0,1,1,1,0,0,1,0,0,1,1,1,1,1,1,1,1,1,1,1,1,1,1,0,1,1,1,0,1,1,1,0,1,0,1,1,1,1,1,1,1,0,1,1,1,1,1,1,1,1,1,1,0,1,0,1,1,0,1,0,0,1,1,1,0,1,0,1,1,0,1,1,0,BHF,BHF
2017/12/1 13:21:55,Lehen Hezkuntza,1,19,Hombre,Español,1,1,1,1,0,1,1,1,1,1,1,1,0,1,1,0,1,1,0,1,1,0,0,1,0,1,1,1,1,1,1,1,0,0,1,0,1,1,1,1,0,1,1,1,0,1,0,1,1,1,1,1,1,0,1,0,1,0,1,0,1,1,1,1,1,1,1,1,1,1,1,1,1,0,0,1,0,1,1,1,BHF,BHF
2017/12/1 13:49:42,Lehen Hezkuntza,1,18,Mujer,Euskara,1,1,1,0,1,1,0,0,1,1,1,0,0,0,1,1,1,1,0,1,1,1,0,1,1,1,1,1,1,1,1,0,1,0,0,0,1,0,1,1,1,1,1,1,1,1,0,0,0,1,1,1,1,1,1,1,1,0,1,0,0,0,0,1,0,1,0,0,1,1,1,0,0,1,1,0,0,1,1,0,BHF,BHF
2017/12/1 13:54:21,Lehen Hezkuntza,1,24,Mujer,Español,1,1,0,1,1,1,0,1,1,1,1,0,0,0,0,1,1,1,1,1,1,1,0,1,0,1,1,1,1,1,1,1,1,1,1,1,1,0,1,1,1,1,1,1,1,0,1,0,1,1,1,0,1,1,1,1,1,1,0,0,1,1,1,1,1,1,0,0,1,1,1,0,1,0,0,0,1,1,1,0,BHF,BHF
2017/12/1 13:54:29,Lehen Hezkuntza,1,18,Mujer,Euskara,0,1,0,1,1,1,0,1,1,1,1,0,0,0,0,1,1,1,1,1,1,1,0,1,0,1,1,1,1,1,1,1,0,1,1,1,1,0,1,1,1,1,1,1,1,0,1,0,1,1,1,0,1,1,1,1,1,1,0,0,1,1,1,1,1,0,1,0,1,1,1,0,1,0,1,0,1,1,1,0,BHF,BHF
2017/12/1 14:08:34,Lehen Hezkuntza,1,18,Mujer,Español,0,1,0,1,1,1,0,1,1,1,1,1,0,1,1,1,1,1,1,0,1,1,0,1,1,1,0,1,0,1,1,0,0,1,1,1,1,0,1,1,1,1,1,1,1,0,1,0,1,1,1,1,1,1,0,1,1,1,1,1,0,1,1,1,1,1,0,1,1,1,1,0,0,1,1,1,1,1,1,1,BHF,BHF
2017/12/1 17:07:12,Lehen Hezkuntza,1,18,Mujer,Español,1,1,0,1,0,1,0,1,1,1,1,1,0,0,1,1,1,1,1,1,1,1,0,1,1,1,0,1,1,1,1,1,1,1,0,1,1,0,1,1,1,1,1,1,1,0,0,0,1,1,1,1,0,1,1,1,1,1,1,1,1,0,1,1,0,1,1,1,1,1,1,0,1,0,0,1,0,1,1,0,BHF,BHF
2017/12/1 17:10:43,Lehen Hezkuntza,1,18,Mujer,Euskara,1,0,1,0,0,1,1,1,1,1,1,0,1,1,0,1,1,0,0,1,1,1,0,1,0,1,0,0,1,0,0,0,1,1,1,0,1,0,1,0,1,1,0,1,0,1,1,1,1,1,1,1,1,1,1,1,0,1,0,0,1,0,1,0,0,1,1,1,1,1,0,0,0,1,1,0,1,1,1,0,BHF,BHF
2017/12/1 18:45:22,Lehen Hezkuntza,1,17,Mujer,Euskara,1,1,1,1,1,1,0,0,0,1,1,0,1,0,0,0,1,1,1,1,1,1,1,1,0,1,1,1,1,0,0,1,1,0,0,1,1,1,1,0,1,1,1,1,1,1,1,1,0,1,1,1,1,1,0,1,0,0,1,0,0,1,1,1,0,1,0,1,1,1,0,0,1,1,0,0,1,1,1,0,BHF,BHF
2017/12/2 0:01:07,Lehen Hezkuntza,1,18,Mujer,Euskara,1,1,0,1,1,1,1,1,1,1,1,1,0,1,1,0,1,1,1,0,1,1,0,1,1,1,1,1,1,1,0,1,1,0,0,1,1,0,1,1,1,0,1,1,0,0,1,1,0,1,1,1,1,1,1,1,1,0,1,0,0,1,1,1,0,1,0,0,1,1,1,0,0,0,1,0,0,1,1,0,BHF,BHF
2017/12/2 10:56:44,Lehen Hezkuntza,1,18,Hombre,Euskara,0,0,1,0,1,0,1,0,1,0,0,0,0,0,0,1,0,0,1,0,1,0,0,0,0,1,0,1,0,0,0,1,0,1,1,1,1,1,1,1,1,1,1,0,1,1,1,0,1,0,0,1,0,1,1,1,0,0,0,0,0,1,1,0,1,1,1,0,1,0,0,0,0,0,1,0,1,0,1,0,BHF,BHF
2017/12/2 12:15:53,Lehen Hezkuntza,1,18,Mujer,Euskara,1,0,1,1,1,1,1,0,0,1,0,1,1,1,0,1,1,1,0,1,1,1,0,1,1,1,0,0,1,0,0,1,1,1,1,0,1,0,1,1,1,0,1,0,1,1,1,1,1,1,1,1,1,1,1,1,1,0,0,0,0,1,1,1,0,1,0,0,1,1,1,0,0,1,0,0,1,0,1,1,BHF,BHF
2017/12/3 13:44:52,Lehen Hezkuntza,1,18,Mujer,Español,0,1,0,1,0,1,0,0,1,1,1,1,0,0,1,1,1,1,1,1,1,0,0,0,0,1,0,1,1,1,1,1,1,1,0,1,0,0,1,1,0,1,1,1,1,0,0,0,1,1,1,1,0,1,1,1,1,1,1,1,0,0,1,1,1,0,0,1,1,1,1,0,1,0,0,0,0,1,1,1,BHF,BHF
2017/12/3 17:37:14,Lehen Hezkuntza,1,20,Mujer,Euskara,1,1,0,1,0,1,0,0,1,1,1,1,0,0,0,0,1,1,1,1,1,1,0,1,1,1,0,1,1,1,1,1,1,0,0,1,0,0,1,1,1,0,1,0,0,0,1,1,0,1,1,1,1,1,1,1,1,0,1,1,1,0,1,1,1,1,0,1,1,1,1,0,1,1,1,0,0,1,1,0,BHF,BHF
2017/12/3 19:35:41,Lehen Hezkuntza,1,18,Mujer,Español,0,1,0,1,0,1,0,1,1,1,1,1,0,0,1,1,1,1,1,1,1,1,0,1,0,1,1,1,1,1,1,1,1,1,0,0,1,0,1,1,1,1,1,1,1,1,1,0,1,1,1,1,0,1,1,1,1,1,0,1,1,0,1,1,1,0,0,1,1,1,1,0,1,1,0,0,1,1,1,1,BHF,BHF
2017/12/4 13:15:42,Lehen Hezkuntza,1,17,Hombre,Español,1,1,1,0,1,1,0,1,1,1,1,1,0,1,0,1,1,1,1,1,1,0,0,1,1,1,0,1,1,1,1,1,0,1,0,1,1,1,1,1,1,1,1,1,1,0,1,0,1,1,1,1,1,1,1,1,1,1,1,0,1,0,1,0,1,0,0,0,1,1,1,0,0,1,1,0,1,1,1,0,BHF,BHF
2017/12/4 13:16:35,Lehen Hezkuntza,1,25,Hombre,Euskara,1,1,0,0,1,1,1,1,1,1,1,1,0,1,1,1,1,0,0,1,1,1,1,1,1,1,1,1,1,1,0,1,1,1,1,1,0,0,1,1,1,1,1,1,1,1,1,0,1,1,1,1,1,0,1,1,1,1,0,1,1,1,1,1,1,1,0,0,1,1,1,1,1,1,0,1,1,1,1,1,BHF,BHF
2017/12/4 13:16:42,Lehen Hezkuntza,1,18,Mujer,Euskara,0,1,1,1,1,1,0,0,0,1,1,1,1,0,0,1,1,1,0,0,1,1,0,1,0,1,0,1,1,1,0,1,1,1,0,1,1,1,1,1,0,0,1,0,1,0,0,1,0,0,1,1,1,1,0,0,1,1,1,0,1,0,0,1,1,0,0,0,0,1,1,0,1,0,1,1,0,0,1,1,BHF,BHF
2017/12/4 13:50:30,Lehen Hezkuntza,1,18,Hombre,Español,1,1,0,1,1,1,1,1,1,1,1,1,0,1,0,0,0,1,1,1,1,0,0,1,1,1,1,1,1,1,1,1,1,0,0,1,1,1,0,1,1,1,1,0,1,1,1,1,0,1,1,1,0,1,0,1,1,1,1,1,1,0,1,1,0,1,1,1,1,1,1,0,0,1,0,0,1,1,1,1,BHF,BHF
2017/12/4 14:02:22,Lehen Hezkuntza,1,18,Mujer,Español,0,1,0,1,0,1,0,1,1,1,1,0,1,1,1,1,1,1,1,0,1,1,1,1,0,1,0,1,1,0,1,1,1,1,0,1,0,0,1,1,1,1,0,1,1,0,0,0,1,1,0,0,1,1,1,0,0,1,1,1,0,1,1,1,1,1,1,1,1,1,1,0,0,0,0,0,0,1,1,0,BHF,BHF
2017/12/4 14:18:02,Lehen Hezkuntza,1,18,Mujer,Euskara,1,1,0,1,1,1,1,0,1,1,1,1,0,1,1,1,1,1,1,1,1,1,0,1,0,1,0,1,1,1,1,1,0,0,0,1,0,0,1,1,1,1,1,0,1,0,0,0,0,1,1,1,1,1,1,1,1,1,1,0,0,0,1,1,1,1,0,1,1,1,0,0,1,0,0,0,1,1,1,1,BHF,BHF
2017/12/4 14:37:55,Lehen Hezkuntza,1,21,Mujer,Español,1,1,0,0,0,1,0,0,1,1,0,1,1,0,0,1,1,1,0,0,1,1,0,1,0,1,1,1,1,1,1,1,1,0,0,1,0,0,1,1,1,1,1,1,1,0,1,1,0,1,1,1,1,1,1,0,1,1,0,0,0,1,1,1,0,0,0,0,1,1,1,0,0,1,1,0,0,1,1,0,BHF,BHF
2017/12/4 14:37:59,Lehen Hezkuntza,1,18,Mujer,Español,1,1,0,1,1,1,1,1,1,1,1,1,0,1,0,1,1,1,1,0,1,1,0,1,1,1,1,0,1,1,1,1,1,1,1,1,1,1,1,1,1,1,1,1,1,0,1,0,1,1,1,1,1,1,1,1,1,1,0,0,1,1,1,1,0,1,0,0,1,1,1,0,1,1,1,0,1,1,1,1,BHF,BHF
2017/12/4 15:05:08,Lehen Hezkuntza,1,21,Hombre,Español,1,1,1,1,0,1,1,1,1,1,1,1,0,1,0,1,1,1,1,1,1,0,0,1,0,1,0,1,1,0,1,1,1,1,1,1,0,0,1,1,1,1,1,0,1,1,1,0,1,1,1,1,1,1,1,1,1,0,1,0,1,0,1,1,1,1,0,1,1,0,1,0,1,0,0,1,1,1,1,1,BHF,BHF
2017/12/4 15:10:25,Lehen Hezkuntza,1,18,Mujer,Español,1,1,1,1,1,1,0,0,1,1,1,1,0,0,1,1,1,1,1,1,1,1,0,1,1,1,1,1,1,1,0,1,0,1,1,0,1,0,1,1,1,1,1,0,1,0,1,0,0,1,1,1,1,1,1,1,1,0,1,0,0,0,0,1,0,1,1,0,1,0,1,0,0,1,1,0,1,1,1,1,BHF,BHF
2017/12/4 16:15:26,Lehen Hezkuntza,1,18,Mujer,Español,0,1,0,1,1,1,0,1,1,1,1,1,1,1,0,0,1,1,1,1,1,1,0,1,0,1,1,1,1,1,1,1,1,0,0,0,0,0,0,1,1,0,1,1,1,0,1,1,0,1,1,1,1,1,1,1,1,1,1,0,0,0,1,1,0,0,0,1,1,1,1,0,1,0,0,0,1,1,1,0,BHF,BHF
2017/12/4 17:37:44,Lehen Hezkuntza,1,18,Hombre,Español,1,1,0,1,1,1,1,1,1,1,1,1,0,0,0,0,1,1,1,1,1,1,0,1,0,1,1,1,1,1,1,1,1,0,0,1,1,1,1,1,0,1,1,1,1,0,1,1,1,1,1,1,1,1,1,0,1,1,1,1,1,1,1,1,1,1,0,1,1,1,1,0,0,1,0,0,1,1,1,0,BHF,BHF
2017/12/4 18:48:54,Lehen Hezkuntza,1,21,Mujer,Euskara,1,1,0,1,0,1,1,1,1,1,1,1,0,1,0,1,1,1,1,1,1,1,1,1,1,1,0,1,1,1,1,1,1,0,0,1,1,1,1,1,1,1,1,1,1,0,1,0,1,1,0,0,1,1,1,1,1,1,1,1,1,1,1,0,1,1,0,1,1,1,1,0,0,0,0,1,1,1,0,1,BHF,BHF
2017/12/4 19:59:30,Lehen Hezkuntza,1,19,Mujer,Español,0,1,0,1,1,1,1,1,1,1,1,1,0,1,0,1,1,1,0,1,1,0,0,1,0,1,0,1,1,1,1,1,1,1,0,1,0,0,1,1,1,0,1,1,1,1,1,0,1,1,1,1,1,1,1,1,1,1,1,0,1,0,1,1,0,0,0,1,1,1,0,0,1,0,0,0,1,1,1,0,BHF,BHF
2017/12/4 21:24:24,Lehen Hezkuntza,1,18,Mujer,Español,0,1,0,0,1,1,0,1,1,0,1,1,0,0,0,1,1,1,1,0,0,0,1,1,0,1,0,1,0,1,0,0,0,1,0,1,0,0,1,1,0,1,0,1,0,0,0,0,1,1,1,0,1,1,0,1,1,0,0,1,0,1,1,1,1,0,0,0,1,0,1,0,0,1,1,0,0,1,1,1,BHF,BHF
2017/12/5 11:34:19,Lehen Hezkuntza,1,19,Mujer,Español,1,1,1,1,1,1,1,0,1,0,1,1,1,0,0,1,0,1,1,1,1,1,0,1,0,1,1,0,1,1,1,0,0,1,1,1,1,0,0,1,1,1,1,0,1,1,1,0,0,0,1,1,1,1,1,1,1,0,1,0,1,1,0,0,1,1,0,1,1,1,1,0,1,1,1,0,1,1,0,0,BHF,BHF
2017/12/7 12:18:48,Lehen Hezkuntza,1,18,Mujer,Español,1,1,0,0,1,1,1,1,1,1,0,1,0,1,0,1,1,1,1,1,1,1,0,1,0,1,0,1,1,1,1,1,1,0,0,1,0,1,1,1,1,1,1,0,1,1,1,0,0,0,1,1,1,1,0,1,1,0,1,0,0,1,1,0,0,0,1,1,1,1,1,0,0,1,1,0,1,0,1,0,BHF,BHF
2017/12/7 12:29:49,Lehen Hezkuntza,1,18,Mujer,Español,0,0,0,1,0,1,0,1,1,1,1,1,0,0,0,1,1,1,1,1,1,1,0,1,0,1,1,1,1,1,1,1,1,1,1,1,1,0,1,1,0,0,1,1,1,0,1,0,1,0,1,1,0,1,0,0,1,0,0,0,0,0,1,1,1,0,0,0,1,1,1,0,0,1,0,0,0,1,1,0,BHF,BHF
2017/12/7 18:47:34,Lehen Hezkuntza,1,19,Mujer,Español,1,1,1,0,1,1,1,0,1,1,1,0,0,1,0,0,1,1,0,0,1,1,0,1,1,1,1,0,1,0,0,1,1,1,1,1,1,1,0,0,1,0,1,1,1,1,1,1,1,0,1,1,1,1,1,1,1,0,0,0,0,1,0,1,1,0,0,1,1,1,0,1,0,1,1,1,1,1,1,1,BHF,BHF
2017/12/8 0:22:26,Lehen Hezkuntza,1,18,Mujer,Español,0,1,0,1,0,1,0,1,1,1,1,1,1,1,0,1,1,1,1,1,1,1,1,1,0,1,0,1,1,1,1,1,1,0,0,0,0,0,1,1,1,0,1,1,0,0,1,0,0,1,1,1,1,1,1,1,1,1,1,0,1,1,1,1,0,1,0,0,1,1,1,0,1,1,1,0,1,1,1,1,BHF,BHF
2017/12/8 9:51:10,Lehen Hezkuntza,1,18,Mujer,Español,0,1,0,1,1,1,0,1,1,1,0,1,0,0,1,0,1,0,0,0,1,1,0,1,1,1,1,1,1,1,0,1,0,0,0,1,1,1,0,1,1,1,1,1,0,0,1,1,1,1,0,1,1,1,0,1,0,0,1,0,0,0,0,1,0,0,0,1,1,1,0,0,0,0,0,0,1,1,1,0,BHF,BHF
2017/12/9 15:50:48,Lehen Hezkuntza,1,18,Mujer,Español,1,1,1,1,0,1,1,1,1,1,1,1,1,0,0,0,1,1,1,1,1,1,0,1,1,1,1,1,1,1,1,1,1,0,0,1,1,0,1,1,0,1,1,1,1,0,1,1,0,0,1,1,1,1,1,1,1,1,0,0,0,0,1,1,0,0,0,1,1,1,1,0,1,1,1,0,1,1,1,1,BHF,BHF
2017/12/10 12:39:09,Lehen Hezkuntza,1,17,Mujer,Euskara,1,1,1,0,1,1,0,1,1,1,1,1,1,1,1,1,1,1,1,1,1,1,0,1,1,0,1,1,1,1,1,1,1,1,1,1,1,0,1,1,1,1,0,1,1,1,1,1,0,0,1,1,1,1,1,1,1,1,1,1,1,0,1,1,1,0,0,0,1,1,1,0,0,1,1,0,0,1,1,1,BHF,BHF
2017/12/10 17:16:43,Lehen Hezkuntza,1,18,Mujer,Euskara,0,1,0,1,1,1,0,0,1,1,1,1,1,1,0,1,1,1,0,1,1,1,0,1,0,1,0,1,0,1,1,1,0,1,1,1,0,0,1,1,1,1,1,1,1,0,1,0,1,1,1,1,0,1,1,0,1,1,1,0,1,0,1,0,1,0,0,1,1,1,1,0,0,1,1,0,1,1,1,0,BHF,BHF
2017/12/10 22:04:45,Lehen Hezkuntza,1,18,Hombre,Euskara,1,1,0,0,0,1,1,0,1,1,1,1,0,1,1,1,1,1,0,1,1,1,0,1,1,1,0,1,0,1,1,1,1,1,1,0,1,0,1,1,0,1,0,1,1,1,1,1,1,1,0,1,1,0,0,1,0,1,1,0,1,1,1,1,0,1,1,1,0,0,1,1,0,1,0,1,1,0,1,1,BHF,BHF
2017/12/10 22:54:18,Lehen Hezkuntza,1,18,Mujer,Español,0,0,0,1,0,1,1,0,1,1,1,1,0,0,0,1,1,1,1,0,1,1,0,1,1,1,0,1,1,1,1,1,1,1,0,1,0,0,1,1,1,0,0,0,0,0,1,0,1,1,1,0,1,1,0,0,1,1,0,1,0,0,1,1,1,0,0,0,1,1,1,0,0,1,0,0,1,1,1,0,BHF,BHF
2017/12/11 8:56:08,Lehen Hezkuntza,1,18,Mujer,Español,1,1,0,0,1,1,0,0,1,1,0,1,1,0,1,1,1,1,0,1,1,1,0,1,0,1,1,1,1,0,1,1,0,0,1,1,1,0,1,1,0,0,1,1,0,0,1,1,1,1,1,1,0,1,1,1,1,0,1,0,0,0,1,0,1,0,0,0,1,1,1,0,1,1,0,0,0,1,1,0,BHF,BHF
2017/12/11 10:53:03,Lehen Hezkuntza,1,18,Mujer,Euskara,1,1,1,1,0,1,1,0,1,1,0,1,1,1,1,0,1,1,1,1,1,1,0,0,1,1,1,1,1,0,1,1,1,1,0,1,1,1,0,1,1,1,1,1,1,1,1,1,1,1,0,0,1,1,1,1,1,1,1,0,0,1,1,0,0,1,0,0,1,1,1,0,1,1,1,1,1,1,1,1,BHF,BHF
2017/12/11 12:24:04,Lehen Hezkuntza,1,19,Mujer,Español,1,0,0,1,0,1,0,1,1,0,0,0,0,1,1,0,1,1,1,0,1,0,0,1,0,1,0,0,1,1,0,0,1,1,0,0,1,1,0,1,1,0,1,0,0,0,0,0,0,1,1,1,0,0,1,0,1,0,1,0,0,0,1,0,1,0,1,0,1,1,1,1,0,1,0,1,0,0,1,1,BHF,BHF
2017/12/13 16:30:37,Lehen Hezkuntza,1,19,Hombre,Euskara,1,1,0,1,0,1,1,1,1,1,1,1,0,0,1,1,1,1,1,1,1,1,0,1,0,1,1,1,1,1,0,1,1,1,1,1,1,0,1,1,1,1,1,1,0,1,1,1,0,0,1,1,1,1,0,0,1,1,1,1,1,0,1,0,0,0,0,1,1,1,1,0,0,1,0,0,1,1,0,0,BHF,BHF
2017/12/14 9:03:42,Lehen Hezkuntza,1,19,Hombre,Euskara,0,1,1,0,1,1,0,0,0,1,1,1,1,0,0,1,1,0,1,0,1,1,0,1,1,1,0,1,0,0,0,1,1,0,0,1,1,1,0,0,1,1,0,0,0,0,1,0,1,1,0,1,1,0,1,1,0,0,1,1,1,1,0,0,0,1,1,1,0,1,0,0,0,1,0,0,0,1,1,0,BHF,BHF
2017/12/14 9:04:10,Lehen Hezkuntza,1,18,Mujer,Euskara,1,0,1,0,0,1,1,1,0,1,1,0,0,0,1,0,1,1,1,1,1,0,0,0,1,1,0,1,1,0,0,1,1,1,0,0,1,0,1,0,0,1,1,0,0,1,1,0,1,0,0,1,1,0,1,1,1,0,0,0,1,1,0,0,1,1,1,0,0,1,1,1,1,1,1,0,0,0,0,1,BHF,BHF
2017/12/22 11:23:46,Haur Hezkuntza,4,24,Mujer,Español,1,1,0,0,1,1,0,1,1,1,0,0,0,1,1,1,1,1,0,1,1,1,0,1,1,1,1,0,1,0,1,1,0,0,1,1,1,1,1,1,1,1,1,1,1,1,1,0,1,1,1,1,1,1,0,1,0,1,1,1,1,1,1,1,0,1,1,1,1,1,1,0,1,0,1,0,1,1,1,0,BHF,BHF
2017/12/23 14:37:44,Haur Hezkuntza,4,23,Mujer,Español,1,0,0,1,1,1,1,0,1,1,1,1,1,0,0,1,1,1,1,1,1,1,0,0,1,1,1,1,1,1,1,1,1,0,1,1,0,0,1,1,1,1,1,0,1,0,1,0,1,0,1,1,0,1,1,1,1,1,1,0,1,0,1,0,1,0,0,1,1,1,1,0,1,0,1,0,1,1,1,0,BHF,BHF
2017/12/23 14:56:54,Haur Hezkuntza,4,26,Mujer,Euskara,1,0,0,1,1,1,0,0,1,1,1,1,0,1,0,0,1,1,1,0,1,1,0,1,0,1,0,1,1,1,1,1,1,0,0,1,1,1,0,1,1,0,1,0,1,1,1,1,0,1,0,0,1,1,1,1,1,1,1,0,1,1,1,1,0,1,0,1,1,1,1,0,0,0,0,0,0,1,1,1,BHF,BHF
2017/12/23 17:15:09,Haur Hezkuntza,4,24,Mujer,Español,1,1,1,1,1,1,0,0,0,1,1,0,0,0,0,0,1,1,1,0,1,1,0,1,1,1,1,1,1,0,0,0,1,0,0,1,1,0,1,1,1,1,1,0,0,1,1,1,0,0,0,0,1,1,1,1,1,1,0,0,0,0,1,1,1,1,0,1,1,1,1,0,1,1,1,0,0,1,1,1,BHF,BHF
2017/12/24 3:20:34,Haur Hezkuntza,4,20,Mujer,Español,1,1,1,1,0,1,0,1,1,1,0,1,0,1,0,1,1,1,1,1,1,1,0,1,1,1,0,1,1,1,1,1,1,1,1,1,1,0,1,1,1,1,1,1,1,0,1,0,0,1,1,1,1,1,1,1,1,1,1,1,1,1,1,1,1,1,1,1,1,1,1,0,1,0,1,0,1,1,1,1,BHF,BHF
2017/12/24 13:13:58,Haur Hezkuntza,4,24,Mujer,Euskara,0,1,0,1,1,1,0,1,1,1,1,1,0,1,1,1,1,1,1,1,1,0,0,1,1,1,0,1,1,1,1,1,1,1,0,1,1,0,1,1,1,1,1,1,1,0,1,0,1,1,1,1,1,1,1,1,0,1,0,1,0,1,1,0,1,1,0,1,1,1,1,0,1,1,1,0,0,1,1,1,BHF,BHF
2018/1/4 18:27:19,Haur Hezkuntza,4,21,Mujer,Euskara,1,1,1,1,1,1,0,1,0,1,1,1,1,1,1,1,1,0,0,1,1,1,0,1,1,1,1,1,1,1,1,1,1,1,0,1,1,1,1,1,1,1,1,1,1,0,1,1,0,1,1,1,1,1,1,1,1,0,1,0,0,0,1,1,0,1,1,1,1,1,0,0,1,1,1,0,1,1,1,0,BHF,BHF
2018/6/4 23:54:01,Publizitatea eta Harreman Publikoak,1,18,Mujer,Español,1,0,1,1,1,1,0,1,1,1,1,0,1,1,0,1,1,0,0,1,0,1,1,1,1,1,1,1,1,1,0,1,0,0,1,1,1,1,1,1,0,1,1,0,1,1,1,1,1,0,1,1,1,1,0,1,0,1,0,0,0,1,1,1,0,0,1,1,1,1,1,1,1,1,1,1,1,1,1,0,Komunikazioa,GKZ
2018/6/5 0:14:06,Kazetaritza,1,18,Mujer,Euskara,1,0,0,1,1,1,0,1,0,0,0,0,1,1,0,0,1,1,1,0,0,1,1,1,0,0,0,1,1,1,0,0,0,0,1,1,1,1,1,0,0,1,1,0,1,1,1,0,0,0,0,1,1,1,0,1,0,1,0,1,0,0,1,1,1,1,1,0,0,0,0,0,1,1,0,1,0,0,1,1,Komunikazioa,GKZ
2018/6/5 10:57:38,Ikus-entzunezko komunikazioa,1,18,Mujer,Euskara,0,1,0,1,1,1,0,1,1,0,1,1,1,1,1,1,1,1,0,1,1,1,0,1,1,1,0,1,1,0,1,1,0,1,1,0,1,1,1,1,1,1,1,1,1,0,0,0,1,1,1,1,1,1,1,1,1,1,1,1,1,0,1,1,1,1,0,0,1,0,1,1,1,1,1,0,1,1,1,1,Komunikazioa,GKZ
2018/6/5 11:15:39,Ikus-entzunezko komunikazioa,1,19,Hombre,Euskara,1,1,0,1,0,1,1,1,1,1,0,0,1,1,1,0,1,1,1,1,1,1,0,1,0,1,1,1,1,1,1,1,1,0,0,1,1,1,1,1,1,0,1,1,1,1,1,1,1,1,1,1,1,1,0,1,0,0,1,1,1,0,1,1,0,1,0,1,1,1,1,0,0,1,1,1,1,1,1,0,Komunikazioa,GKZ
2018/6/5 11:19:31,Publizitatea eta Harreman Publikoak,1,19,Hombre,Euskara,1,1,1,1,1,0,1,1,1,0,1,0,1,1,0,1,1,1,1,1,1,1,0,1,1,1,1,1,1,1,1,1,1,0,0,1,1,0,0,1,1,1,1,1,1,0,1,1,0,0,1,1,1,1,1,0,1,1,1,1,1,0,1,1,0,1,0,1,1,1,1,1,1,1,0,0,1,1,1,0,Komunikazioa,GKZ
2018/6/5 11:25:55,Ikus-entzunezko komunikazioa,1,18,Mujer,Español,1,1,0,1,0,1,0,0,1,1,1,1,1,1,1,1,1,0,1,1,1,1,0,0,1,1,0,1,1,1,0,1,1,1,0,1,1,0,1,1,1,0,0,1,0,0,1,0,1,1,1,1,0,1,1,1,1,0,1,0,1,1,1,1,1,1,0,0,1,1,0,0,1,1,0,1,1,1,1,1,Komunikazioa,GKZ
2018/6/5 15:46:48,Kazetaritza,1,19,Hombre,Español,0,1,0,1,1,1,0,1,1,1,1,1,1,1,1,1,1,1,1,1,1,1,0,1,0,0,0,1,1,1,1,1,1,1,0,1,0,1,1,1,0,1,1,1,1,0,1,0,1,1,1,1,1,1,1,1,1,1,1,0,1,0,1,1,1,1,0,1,1,1,1,0,1,1,0,1,0,1,1,1,Komunikazioa,GKZ
2018/6/5 16:22:39,Ikus-entzunezko komunikazioa,1,18,Hombre,Español,0,1,0,1,1,1,0,1,1,0,1,1,1,1,1,1,1,1,1,1,1,1,0,1,0,0,0,1,1,1,1,1,1,1,0,1,0,0,0,1,0,1,1,1,1,1,1,0,1,1,1,1,1,1,1,0,1,0,0,1,1,0,1,1,1,1,0,1,1,0,1,0,1,0,1,1,0,1,1,1,Komunikazioa,GKZ
2018/6/5 16:31:03,Kazetaritza,1,18,Hombre,Español,1,0,0,1,0,1,0,0,1,1,0,1,1,1,1,1,1,1,1,1,1,1,0,0,0,1,0,1,1,1,1,1,1,1,0,1,0,1,1,0,1,1,1,1,1,1,1,0,1,1,1,1,1,1,0,1,1,1,0,0,1,0,1,0,1,1,0,0,1,1,1,0,0,1,0,1,0,1,1,0,Komunikazioa,GKZ
2018/6/5 17:13:40,Kazetaritza,1,19,Mujer,Euskara,1,0,1,1,1,1,1,1,1,1,1,1,1,1,0,0,1,0,0,1,1,1,0,1,1,1,1,0,1,1,0,1,0,0,1,0,1,1,1,1,0,1,1,1,0,1,1,1,0,1,1,1,1,1,1,1,0,0,1,0,0,0,1,1,1,1,1,1,1,1,1,0,0,1,1,0,1,1,1,0,Komunikazioa,GKZ
2018/6/5 20:43:35,Ikus-entzunezko komunikazioa,1,18,Mujer,Español,0,0,1,1,0,1,1,1,0,1,0,1,1,0,0,0,0,1,0,1,1,1,0,1,0,1,0,1,1,1,0,1,1,1,1,1,0,0,1,1,1,1,1,0,1,1,1,1,0,1,1,1,1,1,0,1,0,1,1,0,0,0,1,1,0,1,0,0,1,1,1,0,1,1,0,0,1,1,1,0,Komunikazioa,GKZ
2018/6/6 0:43:34,Kazetaritza,1,18,Hombre,Euskara,1,1,1,0,1,1,0,1,1,0,0,1,1,1,0,0,1,1,0,1,1,1,0,0,0,1,1,1,1,1,0,1,1,0,1,1,1,1,1,1,1,0,1,1,0,0,1,1,0,1,1,1,1,1,1,1,1,0,0,0,1,0,1,1,0,1,0,1,1,1,0,1,1,1,1,0,1,1,1,0,Komunikazioa,GKZ
2018/6/6 12:32:30,Kazetaritza,1,19,Hombre,Español,1,1,1,1,1,1,1,1,1,1,1,1,0,1,0,0,0,1,0,1,1,1,0,1,1,1,0,0,1,1,0,1,1,0,1,1,1,0,0,1,1,0,1,0,1,1,1,1,0,0,1,1,1,1,1,1,1,1,1,0,1,0,1,0,0,0,1,1,1,1,1,1,1,1,1,1,1,0,1,0,Komunikazioa,GKZ
2018/6/6 16:36:32,Ikus-entzunezko komunikazioa,1,19,Mujer,Español,0,1,0,1,0,1,0,1,0,1,1,1,0,1,1,1,1,1,1,1,1,0,0,1,1,1,0,1,1,1,1,0,0,1,0,1,1,0,1,1,1,1,1,1,1,0,1,0,1,0,1,0,1,1,1,0,1,1,1,1,1,1,1,1,1,1,0,0,1,1,1,0,0,0,0,0,0,1,1,0,Komunikazioa,GKZ
2018/6/6 16:41:44,Ikus-entzunezko komunikazioa,1,18,Mujer,Euskara,0,1,0,1,0,1,0,1,1,1,1,0,1,0,0,0,1,1,0,1,1,1,0,1,1,1,0,0,0,0,1,1,0,1,1,0,1,0,0,1,1,1,1,1,0,0,1,1,1,0,1,1,1,1,1,0,1,0,1,0,1,0,1,1,1,0,1,0,1,1,0,0,0,1,1,0,0,1,1,0,Komunikazioa,GKZ
2018/6/6 20:28:10,Kazetaritza,1,18,Mujer,Español,1,1,0,1,1,1,1,1,1,1,0,0,0,0,0,1,0,0,0,1,0,1,0,1,0,1,1,1,1,1,0,0,0,0,1,1,0,0,1,1,1,0,0,0,1,1,1,0,0,0,1,1,1,0,0,1,0,1,0,0,1,1,1,0,1,1,1,1,1,0,0,0,0,1,1,0,1,1,1,0,Komunikazioa,GKZ
2018/6/7 0:13:07,Ikus-entzunezko komunikazioa,1,18,Hombre,Euskara,0,1,1,0,1,1,0,1,1,1,1,1,1,1,0,0,1,0,0,1,1,1,0,1,0,1,0,1,1,1,0,1,1,0,1,1,1,0,1,1,1,1,1,1,1,1,1,1,1,1,1,1,1,1,1,1,0,1,1,0,1,0,0,1,1,0,1,0,1,1,1,0,1,1,1,1,1,1,1,1,Komunikazioa,GKZ
2018/6/7 9:43:40,Publizitatea eta Harreman Publikoak,1,18,Hombre,Euskara,0,1,1,1,1,1,1,1,1,1,0,1,1,0,1,0,1,0,0,1,1,1,0,1,0,1,1,1,1,1,1,1,0,0,0,0,1,0,1,1,1,0,1,0,1,1,0,1,1,1,1,1,1,1,1,0,1,1,1,0,1,0,1,1,0,1,1,1,1,1,1,0,1,1,1,0,0,1,1,0,Komunikazioa,GKZ
2018/6/7 13:27:46,Kazetaritza,1,19,Hombre,Español,1,1,1,1,1,1,1,0,1,1,1,1,1,1,0,1,0,1,1,1,1,1,0,1,0,1,0,1,1,1,1,1,1,1,1,1,0,1,0,1,1,1,1,0,1,1,1,0,1,1,1,1,0,1,1,0,1,1,1,1,1,0,1,1,0,1,0,0,1,1,1,0,1,1,1,0,1,1,1,0,Komunikazioa,GKZ
